line	form	gloss	lemma	class	category	person	ending	sentence	translation
7049	dourra	hurt-fut.3s	?	?	FUT	3SG	dourra	Ða gent oc saun, y sar marcer dourra mal.	If people find out about this, the trade network will be affected badly.
17343	terraun	come.to-fut.3p	?	?	FUT	3PL	terraun	Nos creim y droug terraun dessur de murðon pavar.	We think the contributions will total over ten thousand pavar.
27070	terraun	amount-fut-3p	?	?	FUT	3PL	terraun	Y majon terraun set nell'oc feurðon.	There'll be seven houses in this decare.
10604	kessandar	discuss-inf	?	?	INF		kessandar	Nos erreu l'oc kessandar coram fin a bogr defassar.	We have to discuss this in person before we can make any progress.
16253	teir	amount.to-inf	?	?	INF		teir	Oc abseïð, jo sau tout a teir cas tey	Excluding that, I know everything there is to be had when it comes to you
16258	teir	amount.to-inf	?	?	INF		teir	Jo sau tout a teir	I know everything there is to be had
21430	noiteyar	spend.night-inf	?	?	INF		noiteyar	Jo recuida jamay noiteyar n'un davarn.	I realised I'd never stayed in a resort.
24870	cardonar	card-inf	?	?	INF		cardonar	Tu vel nos aïðar a l'ec fil cardonar ou?	Can you help us untangle these wires?
31091	pacentar	be.patient.to-inf	?	?	INF		pacentar	Jo poð ceu segr de tal semblant pacentar.	I have little patience for men of that ilk.
13930	groça	envy-ipf	?	?	IPFV	1SG	groça	Jo groça y stoir geoscopic de my fraðr.	I envied my brother's globe-trotting tales.
14012	ponau	put-1p.imp	?	?	IPFV	1PL	ponau	Nos se ponau voud a sy vellisqment dehiscn.	We looked forward to his plans falling apart.
17041	yeme	get-ipf	?	?	IPFV	?	yeme	Y madarc yeme lucr de huyaç.	The lawman was taking bribes.
17309	teyen	number-ipf-3p	?	?	IPFV	3PL	teyen	Hamtour ny cambr pijon teyen dessur d'ogtant.	The boarding house had over eighty lodgers.
21335	yeme	get-ipf	?	?	IPFV	1SG	yeme	J'yeme noc scið ig l'aye un majon de livr tal effus.	I didn't realise her library was so extensive.
22723	enceð	start-ipf.p	?	?	IPFV	PL?	enceð	Enceð a y novel parsemnar ig jo sail oc jorn.	Start spreading the news that I'm leaving today.
23158	oyau	hear-ipf.1p	?	?	IPFV	1PL	oyau	Nos oyau zizania dereðr dy mur dy rajognoir.	We heard arguing through the boardroom's wall.
23415	oye	hear-ipf	?	?	IPFV	1SG	oye	J'oye un revottaç allors nell'oc varosset.	I heard a tantrum elsewhere in the shop.
25752	teyen	number-ipf-3p	?	?	IPFV	3PL	teyen	Y soucorsour all'entrquïscoir dy piscin teyen catr.	Four lifeguards were in the pool's break room.
28801	teyen	cost-ipf-3p	?	?	IPFV	3PL	teyen	Y desc bot teyen boncoppessem sur ig l'aus hougr.	The set menu was cheaper than she'd feared.
30571	caye	befall-ipf	?	?	IPFV	?	caye	Caye un akirtanç de pennachet a Novembr.	There was a cholera outbreak in November.
32277	pacentar	be.patient-ipf	?	?	IPFV	1SG	pacentar	Jo neya pacentar aðief por y duc obsequïr.	I lacked the patience to indulge the duke.
13187	cous	fall-sbj.ipf	?	?	IPFV.SBJV	?	cous	Jo vusca caldour de souscen neðan cous cingr.	I hoped tomorrow was warm so it wouldn't hail.
23953	sceus	can.sbj.ipf	?	?	IPFV.SBJV	?	sceus	Jo stima noc se sceus aðief gajannar.	I didn't think the prize was enough.
13993	impareïbr	un-make.equal-pot	?	?	POT		impareïbr	Jo vis y fabr all'Auspeç Impareïbr noncupað.	I saw the self-styled Peerless Seer's stage show.
14101	innogbr	un-harm-pot	?	?	POT		innogbr	Innogbr son l'eç hautessem ny doujug grader.	The higher-ups in the hierarchy are untouchable.
10284	taçað	be.quiet-2p	?	?	PRS	2PL	taçað	Taçað neðan y madarc avartr!	Shut up or you'll alert the cops!
10620	promoun	support-3p	?	?	PRS	3PL	promoun	Toð my famigl promoun kireðam y regnanç anthracit.	My family all fully support the anthracite government.
22723	sail	leave.1s	?	?	PRS	1SG	sail	Enceð a y novel parsemnar ig jo sail oc jorn.	Start spreading the news that I'm leaving today.
25631	yem-m	get-1p	?	?	PRS	1PL	yem-m	yem-m grin-n car-r	The letter ‹ ð › is pronounced /θ/ word-finally and /ð/ otherwise; the letter ‹ x › regularly denotes the phoneme sequence /ks/.
29124	tienn	hold-3p	?	?	PRS	3PL	tienn	Casc phasmet tienn ne traiscn coll'oc emblemat.	Every video keeps buffering at this resolution.
30880	suim	take.1s	?	?	PRS	1SG	suim	Jo suim un pharmac contr cauveyanç.	I take a hair loss medication.
32367	tienn	hold-3p	?	?	PRS	3PL	tienn	Casc majon dy hamblot se tienn sur cocheyau.	All the houses in the village stand on stilts.
16661	molinant	mill-p.prs	?	?	PRS.PTCP		molinant	Nuvr so jo my seucq historic molinant.	Lately I have been contemplating my legacy.
26913	teint	amount-p.prs	?	?	PRS.PTCP		teint	Se poðe pom accatar teint ogtoç solt a cascun.	You could buy apples for eighteen pence each.
32446	teyent	number-p.prs	?	?	PRS.PTCP		teyent	L'accatau tre pajot a savon vert teyent un solt a cascun.	He bought three green bars of soap for a shilling each.
7641	reçoirn	get-pst.3p	?	?	PST	3PL	reçoirn	Casc ivan nell'amaçgat reçoirn un bricot dy colluy indrec.	Every child in the nursery received a gift from the charity.
14693	socquau	sag-pst	?	?	PST	1SG	socquau	Jo socquau ne my caðer pille cos ajoutað.	I sank gratefully into my padded chair.
14795	cou	fall.pst	?	?	PST	?	cou	J'er nuvr sortið cant cou roçon.	I'd just left when it started drizzling.
15341	soloy	let.go-pst	?	?	PST	?	soloy	L'Agathin a Famigl soloy ombisc je Viendr.	The Minister of Family resigned on Friday.
15752	componoy	compose-pst	?	?	PST	1SG	componoy	Jo componoy l'oc caum por cinq baðr.	I arranged this piece for five musicians.
17690	sceu	can.pst	?	?	PST	1SG	sceu	Jo sceu noc grap aïr all'outraç tars dell'oç bougr.	I couldn't believe the cad's sheer effrontery.
18140	oyeu	hear-pst	?	?	PST	1SG	oyeu	J'oyeu y domn issar set viglour.	I heard she has seven chauffeurs.
19385	sceu	can.pst	?	?	PST	1SG	sceu	Jo sceu y moment veir de ty plouç souvr.	I caught the moment you dropped the act.
19663	yemoy	get-pst	?	?	PST	1SG	yemoy	J'yemoy scið aïr kes raspað demay sad.	I realised I'd grated far too much cheese.
21877	veu	seen.pst	?	?	PST	1SG	veu	N'entrant la jo lou veu cleunfeyant ag soufa.	I walked in on them cuddling on the sofa.
22319	yemoim	get-pst-1p	?	?	PST	1PL	yemoim	Nos yemoim toð pront scið y Jorala sta nothe.	We immediately realised the Jorala was forged.
22440	soloy	let.go-pst	?	?	PST	?	soloy	L'Agathin a Famigl soloy ombisc je Viendr.	The Minister for Family resigned on Friday.
22526	quïsceu	extinguish-pst	?	?	PST	1SG	quïsceu	Jo quïsceu ec ogl eð ençau a conteyar.	I closed my eyes and started counting.
22954	cou	fall.pst	?	?	PST	?	cou	Cou je meis Juglot an smout de forest verdeyant.	July came with a profusion of lush forest.
23844	sceu	can.pst	?	?	PST	?	sceu	Y deixist sceu tandem un inquit prose vecinar.	Y deixist sceu tandem un inquit prose vecinar.
24314	mis	put.pst	?	?	PST	?	mis	Y belem ny forest se mis afaç con ec ciscr d'aucel.	The forest scene opened with shrieks from birds.
24500	asseyeu	seat-pst	?	?	PST	1SG	asseyeu	Jo m'asseyeu ny caðer magrastr cos coðelous.	I sat gingerly on the rickety chair.
25130	survism	oversee-1p.pst	?	?	PST	1PL	survism	Nos survism y spanjon dy quaðeglad.	We oversaw the campus extension.
26207	cou	fall-pst	?	?	PST	?	cou	Tu te hoccovau y voç e cou ouç.	You went "ahem" and silence fell.
27269	reloy	comeback.pst	?	?	PST	?	reloy	Sy figl reloy sur y hayennaç con un movaç.	His kid continued the homework with a pout.
30125	valeurn	merit-pst.3p	?	?	PST	3PL	valeurn	L'ec corrovað valeurn y gra vraseyant alcot?	How well did the novices rise to the occasion?
30303	jey	throw.pst	?	?	PST	?	jey	J'ascovau e jey morvaç sur my camis.	I sneezed and got snot on my shirt.
32482	mesplagheu	displease-pst	?	?	PST	?	mesplagheu	Stikettanç com belligrman mesplagheu noc y slectour.	Being labelled as a warmonger didn't deter the voters.
32656	sceu	can.pst	?	?	PST	1SG	sceu	Jo sceu noc y melody spinglar.	I couldn't identify the tune.
7699	ris	make.ptcp.pst	?	?	PST.PTCP		ris	Y domn voinaçal portant ayen y connocry ris ne camp abat.	The women in armourcloth had transformed the ice dance into a battlefield.
8231	clojonnað	enclose-ptcp.pst	?	?	PST.PTCP		clojonnað	Gent ern autoschedon faint a dou lonc y torg clojonnað.	People were sparring in pairs around the private square.
9149	beut	brink.ptcp.pst	?	?	PST.PTCP		beut	Jo n'ay tag beut par monð, ja galað.	I haven't had tea in months, come to that.
9599	cogt	cook-ptcp.pst	?	?	PST.PTCP		cogt	J'ay un desc farrago nos cogt.	I've cooked us some hash.
12903	scið	can.p.pst	?	?	PST.PTCP		scið	Jo n'ay scið l'ec scoclet epu plu pascr.	I can't stop eating these mini chocolates.
13152	tos	trim.p.pst	?	?	PST.PTCP		tos	Nos som quondant ag loub cant le se caf tos.	We're loitering at the shops while he has a haircut.
13225	yent	arrive.p.pst	?	?	PST.PTCP		yent	Bouð y viker ða le no's ac yent pre haçol.	Text the deputy if he's not here by noon.
14708	mis	put.p.pst	?	?	PST.PTCP		mis	Ascur alcun hom n'a costoscment mis all'yert.	Make sure no-one's alerted the authorities.
14859	remiaçant	wobble-p.pst	?	?	PST.PTCP		remiaçant	Sceyen zurç remiaçant precartaðer ag platabac.	There was jelly wobbling dangerous on the buffet table.
15276	yent	arrive.p.pst	?	?	PST.PTCP		yent	Enombreu casc corrovað ac yent oc aubon.	Let's rally the morning's new recruits.
15980	servið	serve-p.pst	?	?	PST.PTCP		servið	Servið son quelt dijarbr all'oç tarn.	They do a decent dinner at that inn.
16751	yent	get.p.pst	?	?	PST.PTCP		yent	J'eye sauf a aïr y hapr yent.	I'd nearly got all the groceries.
17325	yent	get.p.pst	?	?	PST.PTCP		yent	My dois nou yent es arreloðeçað auvorn.	My new phone has loads of new features.
17521	soluð	let.go-p.pst	?	?	PST.PTCP		soluð	pog cossirn lorry liesc scholer la un Eden soluð.	Few remember their time at that school fondly.
17764	paut	eat-p.pst	?	?	PST.PTCP		paut	Nos ayau paut ny refectoir jusser.	We'd eaten at the downstairs cafe.
18174	indiglað	n-erase-p.pst	?	?	PST.PTCP		indiglað	L'entrcollocq indiglað se cou evolgað.	The unredacted interview got leaked.
18864	receut	get-p.pst	?	?	PST.PTCP		receut	L'a heu allagherrem an ivan ayent hopr receut.	He looked happier than a kid with new toys.
19946	paut	eat.p.pst	?	?	PST.PTCP		paut	Ðe aun cascun dou clou a vastel ja paut.	They've eaten two pieces of cake each.
24482	vessonnað	outfit-p.pst	?	?	PST.PTCP		vessonnað	Soldart vessonnað descenoirn des y camul.	Soldiers in uniform spilled out of the jeep.
8589	desfayað	disprefer-2p.sbj	?	?	SBJV	2PL	desfayað	Nos creim vos desfayað y morrig goðamer acconnoscr.	We believe you'd prefer not to meet our bigoted aunt.
12521	revin	come.back.sbj	?	?	SBJV	?	revin	Deð lour gevou cant y rafayat revin.	Give them a heads-up if the tailor comes back.
26043	din	become.sbj	?	?	SBJV	?	din	Din noc divertið par gevrment.	Don't be distracted by minutiae.
8683	arreu	have.fut-1p	aur (have)	IRR	FUT	1PL	arreu	Nos n'arreu magn vivirc neðan y scon vec kiglar.	We won't have much leeway to catch the second bus.
23676	arra	have.fut	aur (have)	IRR	FUT	3SG	arra	L'arra oç saut ig caye sy mariðaç dovem nienter.	He must have known his second marriage was void.
26010	arreð	have.fut-2p	aur (have)	IRR	FUT	2PL	arreð	Vos s'arreð n'impisantour tras catr minut.	You will feel weightless for four minutes.
11052	aïr	have-inf	aur (have)	IRR	INF		aïr	N'yement e l'aucoum bacchabond veint save jo bon aïr par y convoc sbolognant a toð mell'amig.	When I arrived and saw the orgiastic crowd I knew I’d been right to make all my friends come with me.
15604	aïr	have-inf	aur (have)	IRR	INF		aïr	Stoura aïr me cors pall'ec epoc commotual.	I'd like these turbulent times to be over.
16751	aïr	have-inf	aur (have)	IRR	INF		aïr	J'eye sauf a aïr y hapr yent.	I'd nearly got all the groceries.
17690	aïr	have-inf	aur (have)	IRR	INF		aïr	Jo sceu noc grap aïr all'outraç tars dell'oç bougr.	I couldn't believe the cad's sheer effrontery.
19663	aïr	have-inf	aur (have)	IRR	INF		aïr	J'yemoy scið aïr kes raspað demay sad.	I realised I'd grated far too much cheese.
27905	broucar	have-inf	aur (have)	IRR	INF		broucar	Ðe disrn empley broucar n'un foncçondry.	They said they had jobs at an agency.
7699	ayen	have-imp.3p	aur (have)	IRR	IPFV	3PL	ayen	Y domn voinaçal portant ayen y connocry ris ne camp abat.	The women in armourcloth had transformed the ice dance into a battlefield.
8315	ayen	have-impf-3p	aur (have)	IRR	IPFV	3PL	ayen	Y gant distr a my gamma ayen un deðal pagnt ig.	My grandma's right glove had a thimble built-in.
9501	aye	have-impf	aur (have)	IRR	IPFV	3SG	aye	"Inacavabr es soup a kigmau pascr con digntað, donc nel attendr," avars la, l'oc Laum forniscent de pudour dec le n'aye ja *stað* attenent.	"It's impossible to eat lardon soup with dignity, so please don't try," she remarked, which was embarrassing because Will hadn't *been* trying.
9815	aye	have-imp	aur (have)	IRR	IPFV	1SG	aye	Bon, j'aye hougr tu fos yert ancour.	Good, I was worried you were still awake.
11909	ayen	have-ipf-3p	aur (have)	IRR	IPFV	3PL	ayen	Y cambr ayen pieðry nuaç nell'eutað.	The bedrooms had fashionable exposed stonework.
17764	ayau	have-ipf-1p	aur (have)	IRR	IPFV	1PL	ayau	Nos ayau paut ny refectoir jusser.	We'd eaten at the downstairs cafe.
19749	aye	have-ipf	aur (have)	IRR	IPFV	?	aye	Sy xivol aye tug aglon de skisteç.	He waltzed with more passion than grace.
20318	aye	have-imp	aur (have)	IRR	IPFV	1SG	aye	J'aye spien ig l'oç madarc no fos a squid.	I hoped that that cop wasn't on the take.
20593	ayen	have-ipf-3p	aur (have)	IRR	IPFV	3PL	ayen	Ðe ayen heu lastumnesc, com ig ðe n'ayen for pog dormið.	They looked haggard, as though they hadn't slept much.
20593	ayen	have-ipf-3p	aur (have)	IRR	IPFV	3PL	ayen	Ðe ayen heu lastumnesc, com ig ðe n'ayen for pog dormið.	They looked haggard, as though they hadn't slept much.
21335	aye	have-ipf	aur (have)	IRR	IPFV	3SG	aye	J'yeme noc scið ig l'aye un majon de livr tal effus.	I didn't realise her library was so extensive.
23432	ayau	have-ipf.1p	aur (have)	IRR	IPFV	1PL	ayau	Gehennant ig nos ayau porc errevour tost y dou por y fest.	Embrassingly we'd both made pork redeemer for the feast.
26308	ayau	have-ipf-1p	aur (have)	IRR	IPFV	1PL	ayau	Nos ayau l'indagour scos ne sell'azig.	We'd hidden the tracker in his shoe.
28530	aye	have-ipf	aur (have)	IRR	IPFV	3SG	aye	Nos entisaum gas, l'aye min hieratic eð intradugbr.	They locked eyes, his face set and unreadable.
28624	aye	have-ipf	aur (have)	IRR	IPFV	?	aye	J'enveyau sy cigl risc aye un hundy a catr roum.	I envied his rich boyfriend's four-room set.
29929	aye	have-ipf	aur (have)	IRR	IPFV	3SG	aye	L'aye un pedisecq offiçað a y roum costojar.	He had set a lackey to guard the room.
32385	ayau	have-ipf.1p	aur (have)	IRR	IPFV	1PL	ayau	Nos n'ayau jamay nuçal tan magnfayent assistuð.	We'd never attended such a magnificent wedding.
10188	aus	have-sbj.ipf	aur (have)	IRR	IPFV.SBJV	2SG	aus	Jo save noc tu aus cosvour scon stemn n'Ambrosia!	I didn't know you had second cousins in Ambrosia!
16238	aus	have.sbj-ipf	aur (have)	IRR	IPFV.SBJV	2SG	aus	E fin a tu aus doç tu dorme sou lumner, neðan Bon Jesu volois smargr des vogt dy foscur e lor raug te cavir por ty maðr noc aïðar con sy maðr	And until you were twelve you'd sleep in the light, so that Jesus wouldn't come out from the pitch dark and then get angry with you for not helping your mum with her mum
23514	ausn	have.sbj.ipf-3p	aur (have)	IRR	IPFV.SBJV	3PL	ausn	Nos orruðe casc y gent ausn taur a ençar destr.	It looked like everyone was eager to get going.
28801	aus	have.sbj.ipf	aur (have)	IRR	IPFV.SBJV	3SG	aus	Y desc bot teyen boncoppessem sur ig l'aus hougr.	The set menu was cheaper than she'd feared.
6956	aun	have-3p	aur (have)	IRR	PRS	3PL	aun	Tramou aun tagl eð asmuth y dou.	A vector has both size and direction.
7225	eu	have.1p	aur (have)	IRR	PRS	1PL	eu	Nos n'eu sgart for mozað sull'enigma l'ig y smaraut sperisceurn.	Our understanding of the mystery of the vanishing emeralds is fragmentary.
8503	a	have.sg	aur (have)	IRR	PRS	?	a	Cu a l'oc ugnlac vorpal laiscað jos ty panner?	Who's left this diced onion next to the breadbin?
9149	ay	have.1s	aur (have)	IRR	PRS	1SG	ay	Jo n'ay tag beut par monð, ja galað.	I haven't had tea in months, come to that.
9434	ay	have.1s	aur (have)	IRR	PRS	1SG	ay	J'ay me caut orbeutað d'un coroncr ovart.	I've been swindled by a blatant impostor.
9599	ay	have.1s	aur (have)	IRR	PRS	1SG	ay	J'ay un desc farrago nos cogt.	I've cooked us some hash.
10005	ay	have.1s	aur (have)	IRR	PRS	1SG	ay	J'ay neyað a y bon solution augrimar.	I've failed to calculate the right answer.
10637	aun	have.3p	aur (have)	IRR	PRS	3PL	aun	Ðe aun niaç a fuyo pall'ec dou annað.	They've been living in sin for two years.
10831	a	have-s	aur (have)	IRR	PRS	SG?	a	A tu uncos sou y blau trovað nell'oç vessonary?	Have you found anything cool in that catalogue?
10934	aun	have.3p	aur (have)	IRR	PRS	3PL	aun	Ðe n'aun recas ig tu lou costosc.	They don't need you to protect them.
11123	eu	have.1p	aur (have)	IRR	PRS	1PL	eu	Com suðel eu nos y fenestr zachettað ne closið.	As a hack we've glued the windows shut.
11141	ay	have.1s	aur (have)	IRR	PRS	1SG	ay	Nuvr ay jo un oblimanç aut vars possenç illimitabr.	Lately I have had a craving for unlimited power.
12301	eu	have.1p	aur (have)	IRR	PRS	1PL	eu	Mettau noc carrug avant naumagl; ja n'eu nos y muncef meðes saut.	Let's not get ahead of ourselves; we haven't even left the borough yet.
12483	aum	have-pt.1p	aur (have)	IRR	PRS	1PL	aum	Nos aum issaur magn je ados, bro!	We won so much yesterday, bro!
12586	aun	have-3p	aur (have)	IRR	PRS	3PL	aun	L'ec aldr aun ja un tarç dagr me rent.	With these parents I've been neither fish nor fowl.
12903	ay	have.1s	aur (have)	IRR	PRS	1SG	ay	Jo n'ay scið l'ec scoclet epu plu pascr.	I can't stop eating these mini chocolates.
13713	eu	have.1p	aur (have)	IRR	PRS	1PL	eu	Nos eu vitagl aðief por un meis dijarr.	We have enough supplies for a month.
14474	ay	have.1s	aur (have)	IRR	PRS	1SG	ay	J'ay my pan sciftað a çamoc demay.	I've spread too much jam on my bread.
14491	a	have	aur (have)	IRR	PRS	?	a	Y lasc 'Blanc Gahað' a font n'un livr d'an 1890.	The film "Jet White" is based on a book from 1890.
14708	a	have	aur (have)	IRR	PRS	?	a	Ascur alcun hom n'a costoscment mis all'yert.	Make sure no-one's alerted the authorities.
15235	aun	have.3p	aur (have)	IRR	PRS	3PL	aun	Ðe aun heu equal cos stoniscent, ða meðes jammel.	They look astonishingly similar, even for twins.
15863	a	have	aur (have)	IRR	PRS	2SG	a	Tu a scaumel lavaç meyon benoçabr ou?	Do you have a spare pen I can borrow?
16135	aun	have.3p	aur (have)	IRR	PRS	3PL	aun	Ðe aun ig rekestað jo faç exeunt lon massant.	They asked me to bow out without a fuss.
16217	a	have	aur (have)	IRR	PRS	2SG	a	E tu a hougr de narr, eð y fin dell'oc mont	And you're afraid of clowns, and the end of the world
16248	a	have	aur (have)	IRR	PRS	2SG	a	Or, vis, jamay n'a tu raçon la me dað	Well, in fact, you've never given me a reason for that
16400	aun	have.3p	aur (have)	IRR	PRS	3PL	aun	Y tissour aun un exeunt scenað.	The weavers have staged a walkout.
16841	a	have	aur (have)	IRR	PRS	?	a	Follastr ne vrugheç a mell'accostur teurfiað.	A moorland frolic has got my clothes dirty.
17429	a	have	aur (have)	IRR	PRS	2SG	a	Ajoutaç alcot a tu dell'ascreuçon n'Adighe?	How are you enjoying your assignment to Adigh?
17863	aun	have.3p	aur (have)	IRR	PRS	3PL	aun	Cascif aun y mancel dou colour destegnt?	Why are the sleeves two different colours?
17934	aun	have.3p	aur (have)	IRR	PRS	3PL	aun	Y costoscment aun l'hom sont vecinað.	The police have found the guilty party.
18158	ay	have.1s	aur (have)	IRR	PRS	1SG	ay	Jo n'ay acconnosc aut d'un segr luïcherrem.	I've never met a more ridiculous man.
18600	a	have	aur (have)	IRR	PRS	?	a	Nossell'appragl phasm n'a ceu alcun grastum.	Our television set is almost completely flat.
18864	a	have	aur (have)	IRR	PRS	3SG	a	L'a heu allagherrem an ivan ayent hopr receut.	He looked happier than a kid with new toys.
19201	a	have	aur (have)	IRR	PRS	2SG	a	Icon alcot a tu fait coll'oc celaminour?	How many photos have you taken with this camera?
19842	a	have	aur (have)	IRR	PRS	?	a	L'exedr n'a alcun vivirc por asseïr.	The waiting room has nowhere to sit.
19912	a	have	aur (have)	IRR	PRS	3SG	a	L'a un sgart mallovicher de ðar.	He's very naïve about farmwork.
19946	aun	have.3p	aur (have)	IRR	PRS	3PL	aun	Ðe aun cascun dou clou a vastel ja paut.	They've eaten two pieces of cake each.
20431	eu	have.1p	aur (have)	IRR	PRS	1PL	eu	Con ðigl eu nos y dou port rent frasterrem.	We've reinforced both doors with planks.
21729	ay	have.1s	aur (have)	IRR	PRS	1SG	ay	J'ay gaheç vleutað calun my vestið contenent.	I've forgotten which locker my clothes are in.
25049	ay	have.1s	aur (have)	IRR	PRS	1SG	ay	J'ay hougr y fren de my rað sein inovrant.	I'm worried my bike's brakes are broken.
25601	aun	have.3p	aur (have)	IRR	PRS	3PL	aun	Ðe n'aun nien ostendað tras dou meis.	They've posted nothing in two months.
26406	a	have	aur (have)	IRR	PRS	3SG	a	L'a un vellisqment alçor.	She's playing 4D chess.
26562	a	have	aur (have)	IRR	PRS	?	a	L'agathin a pat fait sad ag tourf.	The minister mishandled the riot.
27019	a	have	aur (have)	IRR	PRS	?	a	Y joun a y sona fort hurstað cos nuverrem.	The kid's really come into her own lately.
27872	a	have	aur (have)	IRR	PRS	3SG	a	L'a echo vardið ny sdroyet por reðrtien.	She's got backup copies on the drive.
28188	aun	have.3p	aur (have)	IRR	PRS	3PL	aun	Schol aun lorrell'alumn amenað all'oc plouçastr.	Schools have brought classes to this pantomime.
29184	ay	have.1s	aur (have)	IRR	PRS	1SG	ay	Me soupren ig ja n'ay jo l'ec harvougl pars.	I'm surprised I haven't lost my earbuds yet.
29324	a	have	aur (have)	IRR	PRS	?	a	Jamay n'a y Caðer ne Pieðr Roug erref se caut.	The Redstone Chair has never been recovered.
30466	a	have	aur (have)	IRR	PRS	?	a	Sell'heir a sculd demay nancið.	Her son's incurred too much debt.
30938	a	have	aur (have)	IRR	PRS	?	a	Sy femn a y cambr coricheyað.	His wife has fillled his house with chintz.
31842	a	have	aur (have)	IRR	PRS	?	a	Y floy a sy ðaugr sovrað dou veg par y siecr derran.	The river has overflowed twice in the last century.
18864	ayent	have-p.prs	aur (have)	IRR	PRS.PTCP		ayent	L'a heu allagherrem an ivan ayent hopr receut.	He looked happier than a kid with new toys.
7077	aurn	have-pst.3p	aur (have)	IRR	PST	3PL	aurn	Ðe aurn cogmað fait ag manneç mauser mivocan.	They had gone on holiday in the sun belt of Mivock.
8162	au	have-pst	aur (have)	IRR	PST	?	au	Alcun hom au y lamp fornið con zygom.	No-one had installed a switch for the light.
9796	ayen	have-pst.3p	aur (have)	IRR	PST	3PL	ayen	Jamay n'ayen ðe un bourg uvrauterrem vis.	They had never seen such an idyllic town.
11141	aut	have.p.pst	aur (have)	IRR	PST.PTCP		aut	Nuvr ay jo un oblimanç aut vars possenç illimitabr.	Lately I have had a craving for unlimited power.
18158	aut	have-p.pst	aur (have)	IRR	PST.PTCP		aut	Jo n'ay acconnosc aut d'un segr luïcherrem.	I've never met a more ridiculous man.
15787	ain	have.sbj-3p	aur (have)	IRR	SBJV	3PL	ain	M'orruð ðe ain l'oc sorty erreut cos pernix.	I think they really turned this party around.
19036	ain	have.sbj-3p	aur (have)	IRR	SBJV	3PL	ain	Nos pretenm ig casc nou muncef ain nux.	We plan to have a hub in each new town.
22543	ay	have.sbj	aur (have)	IRR	SBJV	?	ay	M'orruð un hom ay my bos oundrað.	I think someone's broken my gun.
17506	carra	fall-fut	cair (fall)	IRR	FUT	?	carra	Carra je Naðal oc porrujonnant.	Christmas is just round the corner.
28138	carra	fall-fut	cair (fall)	IRR	FUT	?	carra	Parcanç l'oc hour carra	Perhaps the time will come
13614	caye	fall-ipf	cair (fall)	IRR	IPFV	?	caye	Caye trencaç yon jo venoy primer n'Ausbagn.	It was freezing when I first came to Axbane.
14194	caye	fall-ipf	cair (fall)	IRR	IPFV	?	caye	Caye un pont a los tras y reu.	Stepping stones spanned the stream.
17782	caye	fall-ipf	cair (fall)	IRR	IPFV	?	caye	Teyen catorç frend ag tarn candon caye l'occijon.	The inn had fourteen guests at the time of the murder.
19491	cayen	fall-3p.ipf	cair (fall)	IRR	IPFV	3PL	cayen	Cayen orðenjanç theoretic plusour descovart par bonaventur.	Many scientific inventions were discovered by chance.
21600	caye	fall-ipf	cair (fall)	IRR	IPFV	?	caye	Caye l'oç flaðr derran uncos quiðeyant.	That last climb was gruelling.
23676	caye	fall-ipf	cair (fall)	IRR	IPFV	?	caye	L'arra oç saut ig caye sy mariðaç dovem nienter.	He must have known his second marriage was void.
24152	cayen	fall-ipf-3p	cair (fall)	IRR	IPFV	3PL	cayen	Cayen deg minut pre un vec alandau ny droccon.	It was ten minutes before a bus pulled into the lay-by.
24391	caye	fall-ipf	cair (fall)	IRR	IPFV	?	caye	Caye un homily magn occajonal sur cartað.	It was a very seasonal sermon on charity.
27253	caye	fall-ipf	cair (fall)	IRR	IPFV	?	caye	Caye gimmolt lasdr a y smoutour ðescar.	It was a pathetic attempt to egg on the riots.
7366	cay	fall-s	cair (fall)	IRR	PRS	SG?	cay	Ðe amn queldar tras port candon cay bel.	They like to dine outside when it's fine out.
11625	cain	fall-3p	cair (fall)	IRR	PRS	3PL	cain	Cain Celest e Marca un per fouceur.	Celeste and Marca make a handsome couple.
13114	cay	fall	cair (fall)	IRR	PRS	?	cay	Posc cay prinvir porreu nos alcheðr.	Next spring we can start over.
13912	cay	fall	cair (fall)	IRR	PRS	?	cay	Jo fon got ag mar cay dou meis.	I've got nothing done for two months.
14514	cain	fall-3p	cair (fall)	IRR	PRS	3PL	cain	Cain l'ec sonc a vençar for cosogr.	These items are not to be sold separately.
15480	cay	fall	cair (fall)	IRR	PRS	?	cay	Cay un ronç cadarað d'ougl tascban.	It's an extract of vanilla flavouring.
16857	cay	fall	cair (fall)	IRR	PRS	?	cay	Cay l'oç muncef un amaçgat ðescant vars huyaç.	That district is a hotspot of mob activity.
17221	cay	fall	cair (fall)	IRR	PRS	?	cay	"Cay zar!" dis jo cant corrau nos.	"It's not a game!" I said as we ran.
17655	cay	fall	cair (fall)	IRR	PRS	?	cay	Nossy can am noc eir tras port candon cay moglastr.	Our dog doesn't like going outside when it's damp.
17706	cay	fall	cair (fall)	IRR	PRS	?	cay	Cay ouç ny majon livr.	The library is silent.
19857	cay	fall	cair (fall)	IRR	PRS	?	cay	Cay l'oc convey visað ag quarvol?	Is this the train to the airport?
21240	cay	fall	cair (fall)	IRR	PRS	?	cay	Cay rix un kirt ag madou por defas machinaçonal.	War is a catalyst of technological development.
21395	cay	fall	cair (fall)	IRR	PRS	2PL	cay	Com veleð vos farar ða vos cay un liesc bouclant?	What would you do if you were in a time loop?
21414	cay	fall	cair (fall)	IRR	PRS	?	cay	Cay tell'yoc veram un praxitel foyaçant.	Your husband is truly a masterful sculptor.
22010	cay	fall	cair (fall)	IRR	PRS	?	cay	Skig aular ag quarf ða cay ploy borjonnant.	Don't walk to the station if it looks like rain.
23223	cay	fall	cair (fall)	IRR	PRS	?	cay	Capitan, cay uncos inovrant cas y motour prophthan.	Captain, something's gone wrong with the warp drive.
23261	cay	fall	cair (fall)	IRR	PRS	?	cay	Cay gravatoir y massem de descovan ja sceint dy siecr catorç.	It's the largest collection of extant fourteenth-century folios.
25084	cay	fall	cair (fall)	IRR	PRS	?	cay	Le's un ouger sobottal cay set annað.	He's been a radio host for seven years.
25768	cay	fall	cair (fall)	IRR	PRS	?	cay	Cay descreuçon dy contrdontaçon dy Reyaum ag Danau.	It describes the downfall of the Danube Kingdom.
26824	cay	fall	cair (fall)	IRR	PRS	?	cay	Cay un adolescenç a them d'alumn ne Tecamau.	It's a coming-of-age tale about Tecamaw schoolkids.
28309	cain	fall-3p	cair (fall)	IRR	PRS	3PL	cain	Cain entrquïsc n'hour scið par y liesc quic.	Breaks are at set times during the workday.
28327	cain	fall-3p	cair (fall)	IRR	PRS	3PL	cain	Cain minut alcot prell'orisontment Jovial?	How many minutes is it until the set of Jupiter?
32558	cay	fall	cair (fall)	IRR	PRS	?	cay	Cay saçon a kembang ou deut ag joivr ben ag veil occas?	Is it firework season due to the cold or to late sunsets?
7962	caint	fall-ptcp.prs	cair (fall)	IRR	PRS.PTCP		caint	Eð hour alcot es caint y storcment?	And for how long has the blackmail been going on?
7510	caurreð	get-fut.2p	cavir (get)	IRR	FUT	2PL	caurreð	Reuvað entarn neðan vos caurreð tout mephit!	Come back inside so you don't all catch a chill!
8754	cavir	get-inf	cavir (get)	IRR	INF		cavir	Sbolognment sera toll'ec kynous cavir pront candon recas.	It must be a pain needing to have all these ingredients to hand.
14118	cavir	get-inf	cavir (get)	IRR	INF		cavir	Se poð jo nolois cavir validað ag reu.	I might lack the prereqs for the course.
16238	cavir	get-inf	cavir (get)	IRR	INF		cavir	E fin a tu aus doç tu dorme sou lumner, neðan Bon Jesu volois smargr des vogt dy foscur e lor raug te cavir por ty maðr noc aïðar con sy maðr	And until you were twelve you'd sleep in the light, so that Jesus wouldn't come out from the pitch dark and then get angry with you for not helping your mum with her mum
21616	cavir	get-inf	cavir (get)	IRR	INF		cavir	Çot y bal yert a haut eð atten a y laç cavir.	Fling the ball straight up and try to catch it.
22705	cave	get-ipf	cavir (get)	IRR	IPFV	?	cave	J'attenoy cos infruniscent tandic y grimmour cave yert.	I waited impatiently while the computer booted up.
13152	caf	get	cavir (get)	IRR	PRS	3SG	caf	Nos som quondant ag loub cant le se caf tos.	We're loitering at the shops while he has a haircut.
28089	caun	get-3p	cavir (get)	IRR	PRS	3PL	caun	Caun gajan cos final	Are victorious in the end
23613	cavent	get-p.prs	cavir (get)	IRR	PRS.PTCP		cavent	Y coyol dy cligs es coup de fourraç mout cavent.	The church's spire often gets struck by lightning.
8791	cof	get.pst	cavir (get)	IRR	PST	?	cof	Gam sgarant me cof donc j'enfugheu.	Wanderlust called me and so I ran away.
9054	coum	get.pst-1p	cavir (get)	IRR	PST	1PL	coum	Nos coum tout eurað par un grand jolleistr.	We all got drunk during a big night out.
12804	coun	get-pst-3p	cavir (get)	IRR	PST	3PL	coun	Y lan a filar se coun pisað cos inequal.	The wool to spin was unfairly distributed.
15065	cof	get.pst	cavir (get)	IRR	PST	?	cof	Y malvaç cof auteç ag vanc nell'askouð!	The bad guy got hold of the vault's treasure!
18174	cou	get.pst	cavir (get)	IRR	PST	?	cou	L'entrcollocq indiglað se cou evolgað.	The unredacted interview got leaked.
19217	courn	get.pst-3p	cavir (get)	IRR	PST	3PL	courn	Y compleis spartessem courn gaðan tars.	The better contestants won decidedly.
19334	coum	get.pst-1p	cavir (get)	IRR	PST	1PL	coum	Par y sobot coum nos addoit dy cainç.	We heard the news on the radio.
22089	courn	get.pst-3p	cavir (get)	IRR	PST	3PL	courn	Ðe se courn mariðað pre un cocoro.	They got married unexpectedly.
22246	coum	get.pst-1p	cavir (get)	IRR	PST	1PL	coum	Nos coum zovay eð alandaum tost.	We took a taxi and arrived early.
22630	cof	get.pst	cavir (get)	IRR	PST	?	cof	Sceye un rasamar de conement pront la y varous cof yert.	There was a rush of customers as soon as the shop opened.
23207	cof	get.pst	cavir (get)	IRR	PST	1SG	cof	Jo cof un grivougl de kiveury ag quarvol.	I got a herdtale potboiler at the airport.
24064	cof	get.pst	cavir (get)	IRR	PST	1SG	cof	Jo cof alcun marrenquon n'oc hour apres.	I didn't have any nightmares for a while.
29107	coum	get.pst-1p	cavir (get)	IRR	PST	1PL	coum	Nos coum alant a haun posc tan semman.	We made landfall after so many weeks.
30846	cof	get.pst	cavir (get)	IRR	PST	?	cof	L'accommission se cof interront par y sounç d'enmigtað.	The project was interrupted by the outbreak of hostilities.
9434	caut	get-ptcp.pst	cavir (get)	IRR	PST.PTCP		caut	J'ay me caut orbeutað d'un coroncr ovart.	I've been swindled by a blatant impostor.
24517	caut	get-p.pst	cavir (get)	IRR	PST.PTCP		caut	Le vendra tart dec caut flaccið ne mot routoir.	He'll be late since he's stuck in a traffic jam.
29324	caut	get.p.pst	cavir (get)	IRR	PST.PTCP		caut	Jamay n'a y Caðer ne Pieðr Roug erref se caut.	The Redstone Chair has never been recovered.
7757	caif	get-2s.sbj	cavir (get)	IRR	SBJV	2SG	caif	A fin ig tu caif y livr teyon rovað, jo calmau ag varous fin all'augtanç.	So you'd get the book you wanted, I stayed at the shop until it arrived.
30484	caif	get.sbj	cavir (get)	IRR	SBJV	?	caif	Scouð tey den neðan un hom caif oundr.	Snap out of it before someone gets hurt.
7332	dar	give-inf	dar (give)	IRR	INF		dar	Alcot y bel nau, tu pos ja traiçon me dar.	Whatever you say, you might yet betray me.
10222	dar	give-inf	dar (give)	IRR	INF		dar	Y scavour cossy sceint poð noc hand dar all'hom poið.	As a journalist, they cannot have sex with their source.
21319	dar	give-inf	dar (give)	IRR	INF		dar	Me stove pieç parol bisan dar a my fraðr.	I had to tell my brother some hard truths.
7796	dan	give-imp.3p	dar (give)	IRR	IPFV	3PL	dan	Jarry accendað dan aer cordial ag salon.	Pottery lamps gave the parlour a welcoming feel.
12521	deð	give-imp.p	dar (give)	IRR	IPFV	PL?	deð	Deð lour gevou cant y rafayat revin.	Give them a heads-up if the tailor comes back.
11299	dant	give-prp	dar (give)	IRR	PRS	?	dant	Cogmaðer son sbay dant ag cascat n'Onnacra.	Tourists are gawping at the Onnacra waterfalls.
11608	dar	give	dar (give)	IRR	PRS	?	dar	Nos nolau hur dar for an svattour noscon confiabr.	We were only going to hire a PI we could trust.
12223	da	give	dar (give)	IRR	PRS	?	da	Da mey toxen pront la Yam Olau veir.	Alert me as soon as you see Uncle Ollie.
27694	da	give	dar (give)	IRR	PRS	3SG	da	La da empley a xiphar mejoncr naðusc.	She employs rather mid mercenaries.
12046	dau	give-pst	dar (give)	IRR	PST	?	dau	Y scuir dau un soçavau losc ne parmanent a pie.	The boy muttered a rude remark and kept walking.
18211	dau	give-pst	dar (give)	IRR	PST	?	dau	L'oç connart me dau ðorn!	That bastard punched me!
19402	dau	give-pst	dar (give)	IRR	PST	3SG	dau	La me dau ðorn tranq ag massour.	She punched me right in the jaw.
20395	dau	give-pst	dar (give)	IRR	PST	1SG	dau	Jo luy dau un cromn neðan le surcous ne fousc arð.	I gave him some cash so he wouldn't be flat broke.
28170	dau	give-pst	dar (give)	IRR	PST	1PL	dau	Y duc nos dau l'acconnosc de sell'aðm.	The duke introduced us to his mistress.
7930	dað	give-ptcp.pst	dar (give)	IRR	PST.PTCP		dað	Y cambr hur noscon dað avars stan bolegs e capaç.	The rooms that we rented were tidy and spacious.
11777	dað	give-p.pst	dar (give)	IRR	PST.PTCP		dað	Y sovragl seyon me dað er adornað par fylau.	The belt she gave me was decorated with crows.
16248	dað	give-p.pst	dar (give)	IRR	PST.PTCP		dað	Or, vis, jamay n'a tu raçon la me dað	Well, in fact, you've never given me a reason for that
26648	dað	give-p.pst	dar (give)	IRR	PST.PTCP		dað	All'ec ont es dað my cour	To these waves my heart is given
29912	dað	give-p.pst	dar (give)	IRR	PST.PTCP		dað	Cascif eð vos hur dað an dragoman voscon inconfeyabr?	Why did you hire an interpreter you don't trust?
29371	day	give.sbj	dar (give)	IRR	SBJV	3SG	day	T'orruð ou le day gouth cosogr mey?	Do you think I'm a rebound for him?
27986	deyeu	owe-1p	deïr (owe, must)	IRR	PRS	1PL	deyeu	Nos deyeu vos benaular por vossy droughanç.	We must thank you all for your contributions.
30036	dein	owe-3p	deïr (owe, must)	IRR	PRS	3PL	dein	Ðe dein moneð an demeg dy varennastr.	They owe money to half the underworld.
21208	dig	say	dir (say)	IRR	PRS	?	dig	Dig mey; tu va noc a y los me çaveyar.	Tell me; you don't have to sugarcoat it.
23577	dignt	say-p.prs	dir (say)	IRR	PRS.PTCP		dignt	L'oç segr es dignt tojorn le vil scaur ag mur ne Pompeï.	That guy's always saying he'll make a name for himself.
14371	dis	say.pst	dir (say)	IRR	PST	1SG	dis	Jo dis noc l'oç meyon inquittað con!	I didn't say what I've been quoted as saying!
17221	dis	say.pst	dir (say)	IRR	PST	1SG	dis	"Cay zar!" dis jo cant corrau nos.	"It's not a game!" I said as we ran.
18734	dis	say.pst	dir (say)	IRR	PST	?	dis	"Hau a toð gent," dis y giðour quaucant.	"Hi, everyone," said the hurried guide.
18751	dis	say.pst	dir (say)	IRR	PST	3SG	dis	Le dis "Yela!" pre bouð souvr.	He said "Bye!" then hung up.
26617	dis	say.pst	dir (say)	IRR	PST	?	dis	Dis my paðr a bel declar	My father said in words of wisdom
27905	disrn	say.pst-3p	dir (say)	IRR	PST	3PL	disrn	Ðe disrn empley broucar n'un foncçondry.	They said they had jobs at an agency.
29545	dis	say.pst	dir (say)	IRR	PST	?	dis	Mame me dis de plu luy me cirteyar.	Mum told me to stop mithering her.
10604	erreu	go.fut-1p	eir (go)	IRR	FUT	1PL	erreu	Nos erreu l'oc kessandar coram fin a bogr defassar.	We have to discuss this in person before we can make any progress.
10698	erra	go-fut	eir (go)	IRR	FUT	3SG	erra	Dagormay erra la sy parol robar volonter.	From now on she'll have to choose her words wisely.
9020	entrar	go.in-inf	eir (go)	IRR	INF		entrar	Me val noc entrar desig mell'azig hortumesc.	I shouldn't come in because of my filthy shoes.
17655	eir	go-inf	eir (go)	IRR	INF		eir	Nossy can am noc eir tras port candon cay moglastr.	Our dog doesn't like going outside when it's damp.
12691	eye	go-ipf	eir (go)	IRR	IPFV	3SG	eye	L'eye doutr y verroil ant deit pernix.	She picked the lock with nimble fingers.
16751	eye	go-ipf	eir (go)	IRR	IPFV	1SG	eye	J'eye sauf a aïr y hapr yent.	I'd nearly got all the groceries.
21634	eyau	go-ipf.1p	eir (go)	IRR	IPFV	1PL	eyau	Nos eyau monnocquar tras seg acr por ac yembr.	We had to trudge through six fields to get here.
17412	va	go	eir (go)	IRR	PRS	?	va	Oc voscon accommis va contr y scagl a natur.	What you've done is against the natural order of things.
21208	va	go	eir (go)	IRR	PRS	?	va	Dig mey; tu va noc a y los me çaveyar.	Tell me; you don't have to sugarcoat it.
26546	vay	go	eir (go)	IRR	PRS	1SG	vay	Jo vay noc a l'ec broðoquin scoutar.	I don't have to listen to this bullshit.
8431	eurn	go.pst-3p	eir (go)	IRR	PST	3PL	eurn	Y fraðr dou eurn cosogr com zachet.	The two brothers stuck together like glue.
16482	eu	go.pst	eir (go)	IRR	PST	1SG	eu	J'eu sauf a lou sveilar n'ortellent atras.	I nearly woke them up as I snuck past.
20979	eum	go.pst-1p	eir (go)	IRR	PST	1PL	eum	Nos eum enfugr pront la nos fom soccos destr.	We had to run as soon as we were rumbled.
6912	eið	go-ptcp.pst	eir (go)	IRR	PST.PTCP		eið	L'aðendr a tarm vec forn eið doutr posc y rout novel ovroy.	The bus stops' schedules were obsoleted by the new road.
9038	eið	go-ptcp.pst	eir (go)	IRR	PST.PTCP		eið	Y tarn noscon eið ig sarf bier a groglon.	The pub we go to has beer on tap.
13352	eut	go-p.pst	eir (go)	IRR	PST.PTCP		eut	Jo's eut may hellinar a tu pos figurar.	I've been through more than you can imagine.
16311	eið	go-p.pst	eir (go)	IRR	PST.PTCP		eið	Vis no som nos jamay eið a Duncloð.	We've actually never been to Dunclothe.
29776	ern	cop.inf-3p	er (COP)	IRR	INF		ern	Y joun ern haval fayent ny gardin.	The children were playing pretend in the garden.
8142	er	cop.imp	er (COP)	IRR	IPFV	?	er	Sell'amig er l'œcumen sovemblant cant nos pascau.	His friend was sketching the surroundings as we ate.
8331	er	cop.ipf	er (COP)	IRR	IPFV	1SG	er	J'er pol frigsant je ados cas mey.	I was frying chicken at home yesterday.
8949	ern	cop-ipfv.3p	er (COP)	IRR	IPFV	3PL	ern	Tre moðnaut ern y cordamn flaðrant.	Three sailors were climbing in the rigging.
9940	ern	cop.imp-3p	er (COP)	IRR	IPFV	3PL	ern	Ðe ern y hey pegntant a roug.	They were painting the fence red.
10114	erau	cop.ipf-1p	er (COP)	IRR	IPFV	1PL	erau	Nos erau y Nil gaddant aval n'auror.	We were motoring down the Nile at sunrise.
11777	er	cop.imp	er (COP)	IRR	IPFV	?	er	Y sovragl seyon me dað er adornað par fylau.	The belt she gave me was decorated with crows.
12283	r	cop.ipf	er (COP)	IRR	IPFV	3SG	r	Le'r jou follant cas l'empley all'ambit acceptar.	He was on the fence about taking the job at the bureau.
12502	ern	cop.ipf-3p	er (COP)	IRR	IPFV	3PL	ern	Ðe ern l'imascry descorçant ag cogn jagerrem.	They were peering at the sculpture in the far corner.
12709	er	cop.ipf	er (COP)	IRR	IPFV	?	er	Sy coðelostað er ençant a nos tardir.	His caution was starting to slow us down.
13679	erað	cop.imp-2p	er (COP)	IRR	IPFV	2PL	erað	Yon erað vos cuidant cas quelt?	Where were you thinking for dinner?
14317	r	cop.ipf	er (COP)	IRR	IPFV	3SG	r	Le'r mell'yam sleghant avant my rau!	He was shamelessly slandering my uncle!
14795	er	cop.imp	er (COP)	IRR	IPFV	1SG	er	J'er nuvr sortið cant cou roçon.	I'd just left when it started drizzling.
15144	er	cop.imp	er (COP)	IRR	IPFV	?	er	Lorry haubrojoranç er speut bannið.	Their advertisement was swiftly banned.
15251	ern	cop.ipf-3p	er (COP)	IRR	IPFV	3PL	ern	Toll'aucoum ediculat ern tijon svingant.	The whole ediculate set were up in arms.
15686	er	cop.ipf	er (COP)	IRR	IPFV	1SG	er	J'er astr mirant all'hour dou je ados.	I was stargazing until two last night.
17537	ern	cop.ipf-3p	er (COP)	IRR	IPFV	3PL	ern	Dou cat ern ðalleyant sou sol blanc.	Two cats were basking in the sunlight.
18480	r	cop.ipf	er (COP)	IRR	IPFV	3SG	r	Le'r asseyent eð un aujon survolant.	He was sat leafing through a magazine.
19301	er	cop.ipf	er (COP)	IRR	IPFV	?	er	Jo saveu mell'amig er duvant a scac.	I realised my friend was cheating at chess.
20016	er	cop.ipf	er (COP)	IRR	IPFV	1SG	er	J'addoceu my sour d'ig j'er grabattour parsiscent.	I told my sister I was training to be a paramedic.
21802	erau	cop.ipf-1p	er (COP)	IRR	IPFV	1PL	erau	Nos erau runam alleyant con lou commet a fin.	We were secretly on their side the whole time.
23594	er	cop.ipf	er (COP)	IRR	IPFV	1SG	er	Jo kiglau l'oç seyon rovað dec j'er bucol hamtant.	I missed what he asked because I was daydreaming.
24241	er	cop.ipf	er (COP)	IRR	IPFV	?	er	Jo parceveu my cigl er se portant cos harif.	I noticed my beau was acting weird.
24429	er	cop.ipf	er (COP)	IRR	IPFV	1PL	er	M'orruðe l'ouger er nos abrevant auvorn.	I thought the host gave us lots to drink.
24594	r	cop.ipf	er (COP)	IRR	IPFV	3SG	r	Le'r resoluð a casc senglottaç ignorar.	He was bent on ignoring any criticism.
25502	ern	cop.imp-3p	er (COP)	IRR	IPFV	3PL	ern	Ðe ern zaquesc visnous a tatover pascent.	They were eating knobbly potato snacks.
26497	er	cop.ipf	er (COP)	IRR	IPFV	1SG	er	J'er un pom sgranfeyant cos pegr.	I was idly munching on an apple.
29200	er	cop.imp	er (COP)	IRR	IPFV	?	er	Y vrolliscour er pildr entisour cirteyant.	The influencer was hawking boner pills.
29478	er	cop.imp	er (COP)	IRR	IPFV	?	er	Y stuðant er y scaumel maneyant lon theu.	The student was idly fidgeting with the pen.
30270	er	cop.ipf	er (COP)	IRR	IPFV	?	er	Y regnanç er ec hom mixallant a casc jorn.	The regime was beheading people every day.
30746	er	cop.ipf	er (COP)	IRR	IPFV	?	er	Y dottr dy marchis er sy scrim parcorrent.	The marquess's daughter did fencing practice.
31441	erau	cp.ipf-1p	er (COP)	IRR	IPFV	1PL	erau	Nos erau astr mirant cant y banfoy souðure.	We stargazed as the campfire smouldered.
10268	s	cop	er (COP)	IRR	PRS	1SG	s	Jo's debriscellisant por scoy d'un seman a scitation.	I'm laying the groundwork for a piece-of-cake exam week.
13205	sco	cop.1s	er (COP)	IRR	PRS	1SG	sco	Sco livað den!	I'm fed up of it!
16152	erau	ipf-1p	er (COP)	IRR	PRS	1PL	erau	Nos erau flannant lonc y rif, ig carnt yon beller acatar.	We were walking down the strand, looking to buy sweets.
19680	erau	imp-1p	er (COP)	IRR	PRS	1PL	erau	Nos erau y fabr parcorrent set hour.	We'd been rehearsing for seven hours.
13417	er	cop.pst	er (COP)	IRR	PST	?	er	Mell'acquetta er çarvinot ramenant starc.	My liqueur tasted strongly of raspberries.
7416	sereu	be-fut.1p	es/sta (be)	IRR	FUT	1PL	sereu	Nos sereu tout brogmoð beint e tort dell'ivan pascent.	We'll all be drinking mead and eating Christmas pie.
8754	sera	be-fut	es/sta (be)	IRR	FUT	?	sera	Sbolognment sera toll'ec kynous cavir pront candon recas.	It must be a pain needing to have all these ingredients to hand.
25308	seraun	be.fut-3p	es/sta (be)	IRR	FUT	3PL	seraun	Saðour sialler seraun sacr sy seucq saufgardant.	Rye farmers will be vital to securing his legacy.
27524	sera	be.fut-s	es/sta (be)	IRR	FUT	SG?	sera	L'oc defey sera dur oðig inacavabr.	This challenge will be hard or even impossible.
28096	sera	be.fut	es/sta (be)	IRR	FUT	2SG	sera	Par raçon sera tu mort a jamay	According to reason you'll be dead forever
24047	star	be-inf	es/sta (be)	IRR	INF		star	Jo lo stim uncos entr y vajot de star un hivocin.	I find it's one of the perks of being a wallflower.
31635	star	be-inf	es/sta (be)	IRR	INF		star	Skig star tal cochiglot neðan nos traiscneu!	Don't be such a slowcoach or we'll be late!
7386	ern	be-imp.3p	es/sta (be)	IRR	IPFV	3PL	ern	Ðe ern armað a pont costroir enter ne far jout.	They were tasked with building a bridge of cast iron alone.
7663	ern	be.imp-3p	es/sta (be)	IRR	IPFV	3PL	ern	Fuyo joun ern cantant, aziant sull'ec ranscel.	Young robins were singing, stood on the branches.
7930	stan	be-imp.3p	es/sta (be)	IRR	IPFV	3PL	stan	Y cambr hur noscon dað avars stan bolegs e capaç.	The rooms that we rented were tidy and spacious.
8031	er	be.ipf	es/sta (be)	IRR	IPFV	?	er	Y sartour er un fleus neir embrostant.	The dressmaker was embroidering a black velvet.
8215	sta	be-imp	es/sta (be)	IRR	IPFV	1SG	sta	Jo sta spait demay a porsief luy fair.	I was too scared to run after her.
8231	ern	be.imp-3p	es/sta (be)	IRR	IPFV	3PL	ern	Gent ern autoschedon faint a dou lonc y torg clojonnað.	People were sparring in pairs around the private square.
8570	sta	be.ipfv	es/sta (be)	IRR	IPFV	1SG	sta	Jo no sta jamay sviðour de fic.	I've never been a fan of figs.
13372	sta	be.ipf	es/sta (be)	IRR	IPFV	?	sta	Sy benjamin a cedr sta imminuð sad.	He'd overdone the cedarwood perfume.
13796	sta	be.imp	es/sta (be)	IRR	IPFV	?	sta	Y reloðeç ag tarner sta aplattiscent.	The host's gentility was irritating.
15176	sta	be.imp	es/sta (be)	IRR	IPFV	1SG	sta	Posc je Pasq sta jo nacleu n'oc ort.	After Easter things were looking up.
16562	stan	be.ipf-3p	es/sta (be)	IRR	IPFV	3PL	stan	Casc ouvr pent all'eç mur stan vondrous.	All the wall-hung paintings were hideous.
17141	sta	be.ipf	es/sta (be)	IRR	IPFV	?	sta	L'oc sorty enter sta tor annex denover.	This whole party was sort of last-minute.
17782	teyen	be-ipf-3p	es/sta (be)	IRR	IPFV	3PL	teyen	Teyen catorç frend ag tarn candon caye l'occijon.	The inn had fourteen guests at the time of the murder.
18123	sta	be.ipf	es/sta (be)	IRR	IPFV	?	sta	My sour ignoy vondrous alcot sta y pegl meyon luy teissuð.	My sister kindly overlooked how ugly the hat I knitted her was.
18568	sta	be.ipf	es/sta (be)	IRR	IPFV	1SG	sta	Jo sta raussið d'y vec vabian closnautr montar.	I was loath to board the rickety bus.
18664	stan	be.ipf-3p	es/sta (be)	IRR	IPFV	3PL	stan	Zillapr stan sy brag embrostant.	His underpants had buttercups on.
20869	sta	be.ipf	es/sta (be)	IRR	IPFV	?	sta	Y victoir dell'oç sleut sta un ðorn de hanc.	That candidate winning came out of nowhere.
22319	sta	be.ipf	es/sta (be)	IRR	IPFV	?	sta	Nos yemoim toð pront scið y Jorala sta nothe.	We immediately realised the Jorala was forged.
24135	sta	be.imp	es/sta (be)	IRR	IPFV	?	sta	Y masctig trovar sta un vajot imprefait.	Finding the ticket was an unexpected bonus.
25784	sta	be.ipf	es/sta (be)	IRR	IPFV	?	sta	Smars sta un cont mesaventoresq e stendiscent.	What emerged was an overlong, farcical tale.
27319	sta	be.ipf	es/sta (be)	IRR	IPFV	3SG	sta	Le sta quemant com babe ne barrougl.	He was as snug as a bug in a rug.
32156	sta	be.ipf	es/sta (be)	IRR	IPFV	?	sta	Sy curtel sta d'un roug luiç oðig laçogl.	Her gown was a bright or even garish red.
32636	sta	be.ipf	es/sta (be)	IRR	IPFV	?	sta	Toð gent dema l'ig autonomy Rurtagn no sta for un fancy.	Everyone said Ruritanian independence was a pipe dream.
9815	fos	be.sbj.imp	es/sta (be)	IRR	IPFV.SBJV	2SG	fos	Bon, j'aye hougr tu fos yert ancour.	Good, I was worried you were still awake.
10204	fos	be.sbj.ipf	es/sta (be)	IRR	IPFV.SBJV	?	fos	Querellabr es ou l'oç imascry fos vray meðes volað.	It's debatable whether that sculpture was even really stolen.
20318	fos	be.sbj.imp	es/sta (be)	IRR	IPFV.SBJV	?	fos	J'aye spien ig l'oç madarc no fos a squid.	I hoped that that cop wasn't on the take.
25837	fosseð	be.sbj.ipf-2p	es/sta (be)	IRR	IPFV.SBJV	2PL	fosseð	Le stima vos fosseð un hom troç e de sanc ðus.	He thought you were fierce and hot-blooded.
7108	son	be.3p	es/sta (be)	IRR	PRS	3PL	son	Hour alcot son ty cosvour disceint?	How long have your cousins been missing?
7130	s	be.3s	es/sta (be)	IRR	PRS	3SG	s	Comburnç no's for detaxion con ignifex magn hastous.	Burning is just a very fast reaction with oxygen.
7194	es	be.3s	es/sta (be)	IRR	PRS	3SG	es	Loy paregl ny cour es ajoutað de bon romanç kevlar.	The same part of the heart delights in a good heist story.
7291	es	be.3s	es/sta (be)	IRR	PRS	3SG	es	Sot es toscivr acatar sec lon bouðr ben queimasc.	It's silly to buy a sandwich dry without butter or cream cheese.
7962	es	be.3s	es/sta (be)	IRR	PRS	3SG	es	Eð hour alcot es caint y storcment?	And for how long has the blackmail been going on?
8966	son	be.3p	es/sta (be)	IRR	PRS	3PL	son	Dou aragn son y platcouf flaðrant.	Two spiders are climbing on the ceiling.
9210	so	be.1s	es/sta (be)	IRR	PRS	1SG	so	Jo so l'oc beint por my dolour youdar.	I'm drinking this to numb the pain.
9228	es	be.3s	es/sta (be)	IRR	PRS	3SG	es	Deut es ustolment por y femn voluð.	Manners are essential for the aspiring wife.
9244	es	be.3s	es/sta (be)	IRR	PRS	3SG	es	Lorry veðerrem es tal ouveg cos nuvr.	Their eldest has been so sullen lately.
9305	es	be.3s	es/sta (be)	IRR	PRS	3SG	es	Tan lovastr es ty sour por toð gent sauraun en oy.	Your sister's so gossipy everyone will know about it now.
9501	es	be.3s	es/sta (be)	IRR	PRS	3SG	es	"Inacavabr es soup a kigmau pascr con digntað, donc nel attendr," avars la, l'oc Laum forniscent de pudour dec le n'aye ja *stað* attenent.	"It's impossible to eat lardon soup with dignity, so please don't try," she remarked, which was embarrassing because Will hadn't *been* trying.
10040	s	be.s	es/sta (be)	IRR	PRS	SG?	s	Jo's roglfiant cas Theudesc lepçan parolar.	My spoken Lepsick Dutch is getting rusty.
10204	es	be.3s	es/sta (be)	IRR	PRS	3SG	es	Querellabr es ou l'oç imascry fos vray meðes volað.	It's debatable whether that sculpture was even really stolen.
10850	es	be.3s	es/sta (be)	IRR	PRS	3SG	es	Ty fraðr es untal daugnam incaint sceir sy lucr volar.	Your brother's the kind of dupe who'll get his money stolen.
11020	es	be.3s	es/sta (be)	IRR	PRS	3SG	es	Broucabr a bas es vencr ne vellisquant.	Winning by using a rules exploit is less fun.
11205	es	be.3s	es/sta (be)	IRR	PRS	3SG	es	Y çavel de ty sour es parnommað.	Your sister's intellect is renowned.
11299	son	be.3p	es/sta (be)	IRR	PRS	3PL	son	Cogmaðer son sbay dant ag cascat n'Onnacra.	Tourists are gawping at the Onnacra waterfalls.
11509	son	be.3p	es/sta (be)	IRR	PRS	3PL	son	Ðe son flagitant lorry port jamay zamicar.	They're insisting they never lock their door.
11684	s	be.3s	es/sta (be)	IRR	PRS	3SG	s	Hau, ty diac no’s quic!	Hey, your mic’s off!
12133	son	be.3p	es/sta (be)	IRR	PRS	3PL	son	Son ðe nervous d'issaur ny cors?	Are they sure they'll win the contest?
12767	es	be.3s	es/sta (be)	IRR	PRS	3SG	es	Postulað es l'oc roc vien d'un autr gallaið.	There's speculation that this rock comes from another galaxy.
12968	son	be.3p	es/sta (be)	IRR	PRS	3PL	son	L'indrec son stoccadant vars parroc demosin.	The charity is lobbying for public parks.
13152	som	be.1p	es/sta (be)	IRR	PRS	1PL	som	Nos som quondant ag loub cant le se caf tos.	We're loitering at the shops while he has a haircut.
13225	s	be	es/sta (be)	IRR	PRS	3SG	s	Bouð y viker ða le no's ac yent pre haçol.	Text the deputy if he's not here by noon.
13244	es	be.3s	es/sta (be)	IRR	PRS	3SG	es	Taus gran alcot es y molin rouð faint la?	At what rate does the factory make wheels?
13352	s	be	es/sta (be)	IRR	PRS	1SG	s	Jo's eut may hellinar a tu pos figurar.	I've been through more than you can imagine.
13597	es	be	es/sta (be)	IRR	PRS	2SG	es	Hour alcot es tu y toriot hoissant?	How long have you been playing the torriot?
13895	es	be.s	es/sta (be)	IRR	PRS	SG?	es	L'oc enonç es abrangent a my nom ou?	Does this list have my name on it?
14086	som	be.1p	es/sta (be)	IRR	PRS	1PL	som	Nos som travodant posc je semman ados!	We've been in negotations since last week!
14101	son	be.3p	es/sta (be)	IRR	PRS	3PL	son	Innogbr son l'eç hautessem ny doujug grader.	The higher-ups in the hierarchy are untouchable.
14409	sco	be.1s	es/sta (be)	IRR	PRS	1SG	sco	Ja sco ne vugl router.	I'm still in a traffic jam.
14876	s	be.s	es/sta (be)	IRR	PRS	SG?	s	Me stou fort y lasc laçar cant lo's n'odysse.	I really want to see the film while it's on.
14970	son	be.3p	es/sta (be)	IRR	PRS	3PL	son	Cal mocry son ðe teissent oy?	What nonsense are they spouting now?
15980	son	be.3p	es/sta (be)	IRR	PRS	3PL	son	Servið son quelt dijarbr all'oç tarn.	They do a decent dinner at that inn.
16311	som	be.1p	es/sta (be)	IRR	PRS	1PL	som	Vis no som nos jamay eið a Duncloð.	We've actually never been to Dunclothe.
16384	som	be.1p	es/sta (be)	IRR	PRS	1PL	som	Nos som gran sviðour a conemir cas sar.	We're big fans of online shopping.
16579	s	be	es/sta (be)	IRR	PRS	?	s	Lodrignether l'oç no's meðes un pescot.	Technically that's not even a fish.
16661	so	be.1s	es/sta (be)	IRR	PRS	1SG	so	Nuvr so jo my seucq historic molinant.	Lately I have been contemplating my legacy.
17258	s	be	es/sta (be)	IRR	PRS	?	s	My commission hander no's bogr luïscent all'occijon.	My sex life has nothing to do with the murder.
17325	es	be.3s	es/sta (be)	IRR	PRS	3SG	es	My dois nou yent es arreloðeçað auvorn.	My new phone has loads of new features.
17968	son	be.3p	es/sta (be)	IRR	PRS	3PL	son	Mell'aldr son magn gehennant.	My folks are so embarrassing.
18511	s	be	es/sta (be)	IRR	PRS	3SG	s	Stou ty sour convoccar dec la's tan ricottabr.	You should invite your sister; she's so funny.
18769	es	be	es/sta (be)	IRR	PRS	?	es	L'oc darfour quesq es tan quemant.	This purple bathrobe is so comfy.
18823	s	be	es/sta (be)	IRR	PRS	1SG	s	Jo no's un cougt droccað benoçant posc un dezein.	I haven't used a compact disc in ten years.
19132	s	be	es/sta (be)	IRR	PRS	1SG	s	Jo's stuðant vars theorist soustançal denir.	I'm studying to be a materials scientist.
19236	s	be	es/sta (be)	IRR	PRS	2SG	s	Gevou bro, tu's l'oc duel renent un pog arrhenosarc.	Heads up dude, you're making this duel a bit homoerotic.
19507	son	be.3p	es/sta (be)	IRR	PRS	3PL	son	A gest, aucel son progenies jug dez dragon.	In fact, birds are descended from dinosaurs.
19560	es	be.3s	es/sta (be)	IRR	PRS	3SG	es	My paðr es collocquant con y gournour imminent.	My father is interviewing the governor-elect.
19576	son	be.3p	es/sta (be)	IRR	PRS	3PL	son	Ðe son se rajognent sou teneur covart pieç semman.	They have been meeting in secret for a few weeks.
19765	son	be.3p	es/sta (be)	IRR	PRS	3PL	son	Ðe son y trave costroint toð y jorn.	They've been doing the jigsaw all day.
20000	s	be	es/sta (be)	IRR	PRS	3SG	s	J'osc sy cigl novel; la's mallovicher sad demay.	I hate her new girlfriend; she's far too chipper.
20033	s	be	es/sta (be)	IRR	PRS	1SG	s	Jo's cuidant cos nuvr a my dois extollir.	I've been meaning to upgrade my phone.
20207	es	be	es/sta (be)	IRR	PRS	?	es	Y rostr a my creðon es coroccað.	The tip of my pencil has snapped.
20302	es	be	es/sta (be)	IRR	PRS	?	es	Noc imprefait es ig tell'heir denoy sleut.	I'm not surprised your son's a politician.
20412	soð	be.2p	es/sta (be)	IRR	PRS	2PL	soð	Com soð vos tout dijarnt a mesur dell'ec asc inoïð?	How are you faring in these unprecedented times?
20762	es	be	es/sta (be)	IRR	PRS	?	es	L'indrec de my sour es se trovant entr hugt e gavisc.	My sister's charity is going from strength to strength.
20781	es	be	es/sta (be)	IRR	PRS	?	es	Nossy foyail es fis e scein lau pre yonoscon.	We're out of petrol in the middle of nowhere.
20797	son	be.3p	es/sta (be)	IRR	PRS	3PL	son	Tal inquit no son dignant de mell'yam.	Such words are unworthy of my uncle.
20963	son	be.3p	es/sta (be)	IRR	PRS	3PL	son	Y nastr a my sac son flois demay.	My bag's straps are too loose.
21786	es	be.s	es/sta (be)	IRR	PRS	SG?	es	L'oc detaxion es aphlox psolic effumant com fæx ou?	Is this reaction producing waste carbon monoxide?
22073	som	be.1p	es/sta (be)	IRR	PRS	1PL	som	Nos som plait de l'ambit agathiner vos soupleyar.	We are proud to grant you the ministerial post.
22106	son	be.3p	es/sta (be)	IRR	PRS	3PL	son	Y mur ne Damvað Veðerrem son pegntað con suicr.	The walls of Old Damvath are coated with soot.
22508	son	be.3p	es/sta (be)	IRR	PRS	3PL	son	Pieç beuscr son tijon svingant sur y lançbal.	Some louts are up in arms about the lineball.
22741	son	be.3p	es/sta (be)	IRR	PRS	3PL	son	Y parol 'sauð' e 'veð' son congenið de Veðr Norresc.	The words 'ewe' and 'ram' descend from Old Norrish.
22822	es	be	es/sta (be)	IRR	PRS	?	es	L'oc baðrment a hoissar es my reu de við.	This wind ensemble is my calling.
22988	es	be	es/sta (be)	IRR	PRS	?	es	Candon y nuverrem es ig Istr Boral vencoy ny torne a lançbal?	When did Borland last win the lineball tournament?
23069	son	be.3p	es/sta (be)	IRR	PRS	3PL	son	La me quistau por m'addocir ig bount son ðe ag quarf.	She phoned me to say they're en route to the station.
23279	es	be	es/sta (be)	IRR	PRS	?	es	Y trevold de Docquerl es l'ersteigon dy commouð Futurist.	Docquerl's novel is the pinnacle of the Futurist movement.
23577	es	be	es/sta (be)	IRR	PRS	?	es	L'oç segr es dignt tojorn le vil scaur ag mur ne Pompeï.	That guy's always saying he'll make a name for himself.
23613	es	be	es/sta (be)	IRR	PRS	?	es	Y coyol dy cligs es coup de fourraç mout cavent.	The church's spire often gets struck by lightning.
23693	es	be	es/sta (be)	IRR	PRS	?	es	Ty dois tach novel es un scanjon ou?	Is your new smartphone an upgrade?
24118	so	be.1s	es/sta (be)	IRR	PRS	1SG	so	Jamay so jo tal vencuð a pengovin.	I've never lost like that at pinochle.
24707	s	be	es/sta (be)	IRR	PRS	1SG	s	Jo's y jarry frottant tras un demy d'hour.	I've been scrubbing dishes for half an hour.
24784	es	be	es/sta (be)	IRR	PRS	?	es	Sy femn es y frottour de cedar y faverrem ny muncef.	Her wife is the best guitar player in the borough.
24801	es	be	es/sta (be)	IRR	PRS	?	es	L'oç astuçour es gapiscent par toð y lasc.	That mentor keeps turning up in the movie.
25084	s	be	es/sta (be)	IRR	PRS	3SG	s	Le's un ouger sobottal cay set annað.	He's been a radio host for seven years.
25344	es	be	es/sta (be)	IRR	PRS	?	es	Y lasc es l'administraçon dy dezein 70 scavlant.	The film's satirising the government of the 70s.
25432	s	be	es/sta (be)	IRR	PRS	?	s	Rumorar no's y theu de mey.	I don't usually spread gossip.
26648	es	be	es/sta (be)	IRR	PRS	?	es	All'ec ont es dað my cour	To these waves my heart is given
26685	es	be	es/sta (be)	IRR	PRS	?	es	L'oc soul við es all'uverrem	This one life belongs to those who live most
26709	es	be	es/sta (be)	IRR	PRS	?	es	L'oc aer es teun neðan nos respireu.	This air's too thin for both of us to breathe.
26895	s	be	es/sta (be)	IRR	PRS	1SG	s	Jo no's deja satisfait dy pestriçon nell'exedr.	I'm not yet happy with the anteroom's layout.
27104	son	be.3p	es/sta (be)	IRR	PRS	3PL	son	Y pescot e skillet n'Ausçagm son ragostant.	The fish and chips in Ausçagm is delicious.
27434	soð	be.2p	es/sta (be)	IRR	PRS	2PL	soð	Nuvr soð vos melle faint con y gentagl.	You've been mixing with riffraff recently.
27543	son	be.3p	es/sta (be)	IRR	PRS	3PL	son	Dou carpenter son egnam de casn coupant.	Two carpenters are cutting oak planks.
27888	s	be	es/sta (be)	IRR	PRS	?	s	Noc saif no's oistr eld ogtoç.	Marriage at eighteen is unwise.
28101	son	be.3p	es/sta (be)	IRR	PRS	3PL	son	Par theory my parol son ne van	According to science my words are pointless
28589	es	be	es/sta (be)	IRR	PRS	?	es	Sy morrig es steðig sad cas theu.	Her aunt's very set in her ways.
28607	es	be	es/sta (be)	IRR	PRS	?	es	Nossy dottr es melle faint entr y govey galant.	Our daughter's hobnobbing with the smart set.
28712	son	be.3p	es/sta (be)	IRR	PRS	3PL	son	Certan dy niveu catr son y scaunç de melodram parsiscent.	Some in the fourth set are learning musical scriptwriting.
28746	es	be	es/sta (be)	IRR	PRS	?	es	Ty jahesment es angostessem sur y mien.	Your TV set is thinner than mine.
28763	es	be	es/sta (be)	IRR	PRS	?	es	Y lasc es jagatteyað nell'Anarchy Portingal.	The film is set during the Portingale Anarchy.
28940	son	be.3p	es/sta (be)	IRR	PRS	3PL	son	Casc toun ajos son un mornç a morn flagitant.	Each suburb is demanding a piece of the action.
29759	s	be	es/sta (be)	IRR	PRS	3SG	s	La's attenent a caffay salir lon mensc.	She's trying to quit coffee cold turkey.
29945	son	be.3p	es/sta (be)	IRR	PRS	3PL	son	Pharmac foncçon enhautiscent son valent nell'oc cors.	This competition allows performance-enhancing drugs.
30209	s	be	es/sta (be)	IRR	PRS	1SG	s	Jo's creint n'aglon ig sy fraðr vel reapparir.	I'm holding out hope that her brother turns up.
30392	es	be	es/sta (be)	IRR	PRS	?	es	Rumorað es ig l'oç prinç sey zamicað an masmorrat.	That prince is rumoured to be locked in a dungeon.
30449	son	be.3p	es/sta (be)	IRR	PRS	3PL	son	Ðe son cuidant vars tostrman cambir.	They're thinking of changing barber.
30647	interman	be	es/sta (be)	IRR	PRS	?	interman	Y lettr volað interman nossell'un soul zaloc.	The stolen letter is our only bargaining chip.
31057	son	be.3p	es/sta (be)	IRR	PRS	3PL	son	Lorry sentenç no son autrað tras un carantein.	Their beliefs haven't changed in forty years.
31154	es	be	es/sta (be)	IRR	PRS	?	es	Sy paðr narc es un segr cateu.	His stepfather is a wicked man.
31459	es	be	es/sta (be)	IRR	PRS	?	es	Y moudrer es Dn Blanc ny scrittour con y boðel ne plom.	The killer is Mrs White in the study with the lead piping.
31824	es	be	es/sta (be)	IRR	PRS	?	es	All'arc de stancour es y commet dell'aujamat.	The tinsmith's arch is where the ghetto starts.
6912	forn	be.pst-3pl	es/sta (be)	IRR	PST	3PL	forn	L'aðendr a tarm vec forn eið doutr posc y rout novel ovroy.	The bus stops' schedules were obsoleted by the new road.
8249	forn	be.pst-3p	es/sta (be)	IRR	PST	3PL	forn	Pre finisceu y belem, trey hom ancour forn mort.	By the end of the scene three more people were dead.
10950	fo	be.pst	es/sta (be)	IRR	PST	1SG	fo	N'y tarsc nascenç recevent fo jo emplið con baury.	I was filled with panic when I got the birthday card.
16734	fo	be.pst	es/sta (be)	IRR	PST	?	fo	Y maðr improbau sell'heir posc l'oç fo reuluð.	The mother scolded her son when he got back.
20979	fom	be.pst-1p	es/sta (be)	IRR	PST	1PL	fom	Nos eum enfugr pront la nos fom soccos destr.	We had to run as soon as we were rumbled.
21994	fo	be.pst	es/sta (be)	IRR	PST	1SG	fo	Jo fo sveilað je aubon posc par y tourf.	I was woken in the morning by the riot.
9501	*stað*	be-ptcp.pst	es/sta (be)	IRR	PST.PTCP		*stað*	"Inacavabr es soup a kigmau pascr con digntað, donc nel attendr," avars la, l'oc Laum forniscent de pudour dec le n'aye ja *stað* attenent.	"It's impossible to eat lardon soup with dignity, so please don't try," she remarked, which was embarrassing because Will hadn't *been* trying.
12603	sey	be.sbj	es/sta (be)	IRR	SBJV	?	sey	Quisteu raut neðan y davarn sey haft.	Let's call now before the hotel's fully booked.
12949	seyað	be.sbj-2p	es/sta (be)	IRR	SBJV	2PL	seyað	Seyað clar con ig voscon desirað svellar.	Be clear in what you want to express.
15945	seim	be.sbj-1p	es/sta (be)	IRR	SBJV	1PL	seim	Me stou for savir ig nos seim scaðr den.	I want to know we're on the same page.
16222	sein	be.sbj-3p	es/sta (be)	IRR	SBJV	3PL	sein	E tu am lasc, ma general tu vel ðe sein a pog belem bressem	And you like films, but generally you'd have them be a few scenes shorter
17901	sey	be.sbj	es/sta (be)	IRR	SBJV	?	sey	Torneyeð y cout fin a y zygom sey ovart.	Turn the crank until the valve's open.
21978	sey	be.sbj	es/sta (be)	IRR	SBJV	?	sey	M'orruð ig l'oc vellisqment sey un reunç dy blad.	I think that this gambit is a real shot in the dark.
22265	sein	be.sbj-3p	es/sta (be)	IRR	SBJV	3PL	sein	Jug sein y domn egrtumnesc n'eç cahut.	Keep the sick women quarantined.
23466	sey	be.sbj	es/sta (be)	IRR	SBJV	?	sey	Le reconnosc ou sy fraðr sey tan demastr?	Does he know his brother is so judgemental?
25049	sein	be.sbj-3p	es/sta (be)	IRR	SBJV	3PL	sein	J'ay hougr y fren de my rað sein inovrant.	I'm worried my bike's brakes are broken.
26675	sein	be.sbj-3p	es/sta (be)	IRR	SBJV	3PL	sein	Ag lovacq sein vossell'aðm	Let the things you treasure be past the horizon
26680	sein	be.sbj-3p	es/sta (be)	IRR	SBJV	3PL	sein	Ag heilant sein toð time	Let all hesitancy stay on dry land
28148	sey	be.sbj	es/sta (be)	IRR	SBJV	1SG	sey	Dec indeneyabr sey jo vail y gra	Because it must be that I'm up to the challenge
30392	sey	be.sbj	es/sta (be)	IRR	SBJV	?	sey	Rumorað es ig l'oç prinç sey zamicað an masmorrat.	That prince is rumoured to be locked in a dungeon.
22896	farreu	do-fut.1p	far (do)	IRR	FUT	1PL	farreu	Nos farreu noc deunx cossy alcheðr.	We won't get so lucky again.
8215	fair	do-inf	far (do)	IRR	INF		fair	Jo sta spait demay a porsief luy fair.	I was too scared to run after her.
18383	fair	do-inf	far (do)	IRR	INF		fair	Veleð y luam covauclir pre exeunt fair.	Please put the toilet lid down before leaving.
20946	fair	do-inf	far (do)	IRR	INF		fair	Nos s'yettaum por scap fair dell'eç scobr.	We sprinted away from the explosions.
21061	fair	do.inf	far (do)	IRR	INF		fair	No stou bogr snuvr fair dell'oç cæros.	The opportunity's nothing to sniff at.
24208	fair	do.inf	far (do)	IRR	INF		fair	Y haprman libau sy bier e reuloy a racont fair.	The grocer quaffed his lager and kept talking.
8066	façað	do-imp.p	far (do)	IRR	IPFV	PL?	façað	Façað plu stancour a my nuçal!	Stop meddling in my wedding!
15376	faun	do.3p	far (do)	IRR	PRS	3PL	faun	Ðe faun music kevr eð y confraðr.	They make stuff like slap music.
16291	faun	do-3p	far (do)	IRR	PRS	3PL	faun	Ðe faun flaut casc juglot.	They go boating each July.
28074	fay	do	far (do)	IRR	PRS	?	fay	Ma vuscar fay sogn	But wishing is dreaming
32241	faun	do-3p	far (do)	IRR	PRS	3PL	faun	L'ottonam se faun de doncel groun.	The brass section is all teenage girls.
27434	faint	do-p.prs	far (do)	IRR	PRS.PTCP		faint	Nuvr soð vos melle faint con y gentagl.	You've been mixing with riffraff recently.
28607	faint	do-p.prs	far (do)	IRR	PRS.PTCP		faint	Nossy dottr es melle faint entr y govey galant.	Our daughter's hobnobbing with the smart set.
29776	fayent	do-p.prs	far (do)	IRR	PRS.PTCP		fayent	Y joun ern haval fayent ny gardin.	The children were playing pretend in the garden.
12207	feirn	do-pst.3p	far (do)	IRR	PST	3PL	feirn	Ðe feirn mordeth amont por y poið dy Nil trovar.	They went on an expedition to find the source of the Nile.
14811	fegrn	do.pst-3p	far (do)	IRR	PST	3PL	fegrn	Tandem ðe pardoirn nis e fegrn repaðr.	Eventually they gave up and went home.
14950	fey	do.pst	far (do)	IRR	PST	1SG	fey	Jo fey nouf laur mathem ne ðougl ig crevoscr.	I knocked out nine maths problems last night.
17603	fey	do.pst	far (do)	IRR	PST	?	fey	Y jonglour fey l'oç bal yemois reunt.	The magician made the ball reappear.
20684	fey	do.pst	far (do)	IRR	PST	1SG	fey	Jo fey paupieðr an spaiðoir arveiðrous con hast.	I hurriedly opened a random drawer.
21141	feim	do.pst-1p	far (do)	IRR	PST	1PL	feim	Nos feim un baugl lau pre yonoscon.	We camped in the middle of nowhere.
22226	fey	do.pst	far (do)	IRR	PST	?	fey	Un truc par ados me fey gringlar a cainç.	A shove from behind knocked me over.
22353	fey	do.pst	far (do)	IRR	PST	1SG	fey	Jo fey rongelon sur my hamac fin a quelt.	I dozed in my bunk until dinner.
24688	fey	do.pst	far (do)	IRR	PST	?	fey	All'oc ostendour fey jougl y ðesmbal d'Apollon.	This blogger unexpectedly predicted the future.
26291	fey	do.pst	far (do)	IRR	PST	1SG	fey	Jo fey pat ag cla con deit çosc.	I fumbled the key with stubby fingers.
28548	fey	do.pst	far (do)	IRR	PST	?	fey	L'actour fey exeunt voud dy scenoir.	The actor stormed out of the studio.
28833	fey	do.pst	far (do)	IRR	PST	?	fey	L'ormal dy baðrment fey commet par vrolliscour.	The orchestra started the set with a crowdpleaser.
31368	feirn	do.pst-3p	far (do)	IRR	PST	3PL	feirn	L'ec fraðr narc se feirn acconnosc eld veint catr.	The stepbrothers met when they were twenty-four.
7077	fait	do-ptcp.pst	far (do)	IRR	PST.PTCP		fait	Ðe aurn cogmað fait ag manneç mauser mivocan.	They had gone on holiday in the sun belt of Mivock.
8231	faint	do-ptcp.pts	far (do)	IRR	PST.PTCP		faint	Gent ern autoschedon faint a dou lonc y torg clojonnað.	People were sparring in pairs around the private square.
11997	fait	do-p.pst	far (do)	IRR	PST.PTCP		fait	Scerraun doç batesm ac fait l'oc jorn.	Twelve baptisms will be performed here today.
19201	fait	do-p.pst	far (do)	IRR	PST.PTCP		fait	Icon alcot a tu fait coll'oc celaminour?	How many photos have you taken with this camera?
26562	fait	do-p.pst	far (do)	IRR	PST.PTCP		fait	L'agathin a pat fait sad ag tourf.	The minister mishandled the riot.
13133	faç	do-sbj	far (do)	IRR	SBJV	?	faç	Faç la noc gavir neðan sy soir ðescar.	Making her have fun will only make her sadder.
16135	faç	do.sbj	far (do)	IRR	SBJV	1SG	faç	Ðe aun ig rekestað jo faç exeunt lon massant.	They asked me to bow out without a fuss.
20626	faç	do.sbj	far (do)	IRR	SBJV	?	faç	Fig a pounçar e faç mey garaf poll'oc gat!	Stop flirting and help me with this barrier!
28063	faç	do.sbj	far (do)	IRR	SBJV	?	faç	Faç toð eromn sperovir	Would make all hardships vanish
11608	nolau	not.fut-imp.1p	nol- (NEG.FUT)	IRR	FUT.IPFV	1PL	nolau	Nos nolau hur dar for an svattour noscon confiabr.	We were only going to hire a PI we could trust.
14118	nolois	neg.fut-ipf.sbj	nol- (NEG.FUT)	IRR	IPFV.SBJV	1SG	nolois	Se poð jo nolois cavir validað ag reu.	I might lack the prereqs for the course.
11796	nuθ	won't-2p	nol- (NEG.FUT)	IRR	PRS	2PL	nuθ	/ða vɔz nuθ lɔkˈsir ʒo mɛt lor koˈlɪn man/	If you won't kill him then I'll do it myself!
16062	nil	won't	nol- (NEG.FUT)	IRR	PRS	?	nil	Quippe alcun hom nil y budr de cay-seg-a-veðerrem svoccar.	Surely nobody will mention the looming elephant in the room.
17747	nil	won't	nol- (NEG.FUT)	IRR	PRS	?	nil	My sour nil pausar ne parolar de sy cigl.	My sister keeps talking about her boyfriend.
18399	nil	won't	nol- (NEG.FUT)	IRR	PRS	?	nil	Alcun hom nil nis mettr ag hayennaç çaf.	No-one will bother doing the extra homework.
9501	nel	neg.fut.sbj	nol- (NEG.FUT)	IRR	SBJV	?	nel	"Inacavabr es soup a kigmau pascr con digntað, donc nel attendr," avars la, l'oc Laum forniscent de pudour dec le n'aye ja *stað* attenent.	"It's impossible to eat lardon soup with dignity, so please don't try," she remarked, which was embarrassing because Will hadn't *been* trying.
17845	neleð	won't-sbj-2p	nol- (NEG.FUT)	IRR	SBJV	2PL	neleð	Neleð y gran key roug appoyar.	Please don't press the big red button.
6966	porra	can-fut	poðir (can)	IRR	FUT	?	porra	Cal porra balanç intermanir ag tramou ny porçonment?	How will we make up for the budget shortfall?
13114	porreu	can-fut.1p	poðir (can)	IRR	FUT	1PL	porreu	Posc cay prinvir porreu nos alcheðr.	Next spring we can start over.
15462	porreu	can-fut.1p	poðir (can)	IRR	FUT	1PL	porreu	Un hour alcheðr lor porreu nos entrquïr.	Another hour and we can take a break.
23345	porra	can-fut	poðir (can)	IRR	FUT	2SG	porra	Quippe porra tu noc my grivougl leir.	Of course you can't read my scrawl.
30177	porra	can-fut	poðir (can)	IRR	FUT	?	porra	Sy vlangr porra noc y diamant vendr pre annað.	Her fence won't be able to sell the diamonds for years.
26581	poðir	can-inf	poðir (can)	IRR	INF		poðir	Orruð le crey poðir sy mensc eð y mansc tenir.	He seems to think he can have it both ways.
28869	poðir	can-inf	poðir (can)	IRR	INF		poðir	Jo save noc ou poðir un dos may de gouth complir.	I didn't know if I could do another set of pushups.
11878	poðe	can-ipf	poðir (can)	IRR	IPFV	?	poðe	Se poðe noc l'ec rumour d'un batman corroular.	The rumours of a vigilante were unsubstantiable.
23449	poðe	can-ipf	poðir (can)	IRR	IPFV	1SG	poðe	Jo poðe noc me quottar ag scop dy trevold parachthon.	I couldn't get on board with the sci-fi novel's conceit.
26913	poðe	can-ipf	poðir (can)	IRR	IPFV	?	poðe	Se poðe pom accatar teint ogtoç solt a cascun.	You could buy apples for eighteen pence each.
7613	poð	can	poðir (can)	IRR	PRS	?	poð	No se poð ig vos affighað scorç dalassin demay.	You cannot have added too much cinnamon.
10222	poð	can	poðir (can)	IRR	PRS	?	poð	Y scavour cossy sceint poð noc hand dar all'hom poið.	As a journalist, they cannot have sex with their source.
12672	poð	can	poðir (can)	IRR	PRS	1SG	poð	Jo no poð lou affaçar pre vienn y flottisc.	I can't confront them until reinforcements arrive.
13282	poð	can	poðir (can)	IRR	PRS	?	poð	Con tersur psolic poð l'yeustanç de vin lejar.	Sulphites can arrest the fermentation of wine.
14118	poð	can	poðir (can)	IRR	PRS	1SG	poð	Se poð jo nolois cavir validað ag reu.	I might lack the prereqs for the course.
27785	poð	can	poðir (can)	IRR	PRS	?	poð	Se poð ou scadom ben ugnlac accatar.	You can buy either tomatoes or onions.
31091	poð	can	poðir (can)	IRR	PRS	1SG	poð	Jo poð ceu segr de tal semblant pacentar.	I have little patience for men of that ilk.
7332	pos	may.sbj	poðir (can)	IRR	SBJV	2SG	pos	Alcot y bel nau, tu pos ja traiçon me dar.	Whatever you say, you might yet betray me.
13352	pos	can.sbj	poðir (can)	IRR	SBJV	2SG	pos	Jo's eut may hellinar a tu pos figurar.	I've been through more than you can imagine.
19116	pos	can.sbj	poðir (can)	IRR	SBJV	1SG	pos	Jo pos parolar coll'autour ou?	May I speak to the owner?
9305	sauraun	know-fut.3p	savir (know)	IRR	FUT	3PL	sauraun	Tan lovastr es ty sour por toð gent sauraun en oy.	Your sister's so gossipy everyone will know about it now.
15945	savir	know-inf	savir (know)	IRR	INF		savir	Me stou for savir ig nos seim scaðr den.	I want to know we're on the same page.
10188	save	know-ipf	savir (know)	IRR	IPFV	1SG	save	Jo save noc tu aus cosvour scon stemn n'Ambrosia!	I didn't know you had second cousins in Ambrosia!
11052	save	know-ipf	savir (know)	IRR	IPFV	1SG	save	N'yement e l'aucoum bacchabond veint save jo bon aïr par y convoc sbolognant a toð mell'amig.	When I arrived and saw the orgiastic crowd I knew I’d been right to make all my friends come with me.
21124	save	know-ipf	savir (know)	IRR	IPFV	1SG	save	Jo save l'oc caum contene un fardig d'aloud.	I knew this piece contained a lute solo.
22970	save	know-ipf	savir (know)	IRR	IPFV	3SG	save	Le save cojan alcot volen y cançon accis par y roç.	He knew how boring the cabbie's music would be.
28869	save	know-ipf	savir (know)	IRR	IPFV	1SG	save	Jo save noc ou poðir un dos may de gouth complir.	I didn't know if I could do another set of pushups.
7049	saun	know-3pl	savir (know)	IRR	PRS	3PL	saun	Ða gent oc saun, y sar marcer dourra mal.	If people find out about this, the trade network will be affected badly.
8298	saveð	know-2p	savir (know)	IRR	PRS	2PL	saveð	Saveð vos cal praxitel gravau y Macchine di Helio?	Do you know which sculptor carved the Machines of Helios?
16253	sau	know	savir (know)	IRR	PRS	1SG	sau	Oc abseïð, jo sau tout a teir cas tey	Excluding that, I know everything there is to be had when it comes to you
16258	sau	know	savir (know)	IRR	PRS	1SG	sau	Jo sau tout a teir	I know everything there is to be had
23862	saveð	know-2p	savir (know)	IRR	PRS	2PL	saveð	Vos saveð ou l'instroy eç stuðant çougr?	Do you know if he has unruly students?
19301	saveu	know-pst	savir (know)	IRR	PST	1SG	saveu	Jo saveu mell'amig er duvant a scac.	I realised my friend was cheating at chess.
23676	saut	know-p.pst	savir (know)	IRR	PST.PTCP		saut	L'arra oç saut ig caye sy mariðaç dovem nienter.	He must have known his second marriage was void.
11997	scerraun	there.be-fut.3p	sceir (there is)	IRR	FUT	3PL	scerraun	Scerraun doç batesm ac fait l'oc jorn.	Twelve baptisms will be performed here today.
20505	scerra	there.be-ft	sceir (there is)	IRR	FUT	?	scerra	Orruð ig scerra alcheðr un parolment scaug.	It seems there'll be another hung parliament.
21819	scerraun	there.be-fut.3p	sceir (there is)	IRR	FUT	3PL	scerraun	No scerraun alcun imprefait ny brevier je posc.	There won't be any surprises in tomorrow's report.
30286	scerra	there.be-fut	sceir (there is)	IRR	FUT	?	scerra	Scerra un trasson de deg minut ag mojolon.	There's a ten-minute layover at the interchange.
10850	sceir	there.be-inf	sceir (there is)	IRR	INF		sceir	Ty fraðr es untal daugnam incaint sceir sy lucr volar.	Your brother's the kind of dupe who'll get his money stolen.
11224	sceye	there.be-imp	sceir (there is)	IRR	IPFV	?	sceye	Sceye combat a spað ny zantr dy lasc.	There was swordfighting at the climax of the film.
12619	sceye	there.be-ipf	sceir (there is)	IRR	IPFV	?	sceye	Jo comprene noc sceye pallort ny farrago.	I didn't realise the hash would have mussels in.
13042	sceye	there.be-ipf	sceir (there is)	IRR	IPFV	?	sceye	Luy sceye un min a vabiantað bogr mesveibr.	He wore an unmistakable look of misery.
14859	sceyen	there.be-3p.imp	sceir (there is)	IRR	IPFV	3PL	sceyen	Sceyen zurç remiaçant precartaðer ag platabac.	There was jelly wobbling dangerous on the buffet table.
15496	sceyen	there.be-imp.3p	sceir (there is)	IRR	IPFV	3PL	sceyen	Sceyen tor doç stuðant ny reu.	There were about twelve students on the course.
22630	sceye	there.be-ipf	sceir (there is)	IRR	IPFV	?	sceye	Sceye un rasamar de conement pront la y varous cof yert.	There was a rush of customers as soon as the shop opened.
23381	sceye	there.be-ipf	sceir (there is)	IRR	IPFV	?	sceye	Lor sceye un nuton a tapeçment e pieðr nuaç.	Then there was a fad for hangings and stonework.
24610	sceye	there.be-ipf	sceir (there is)	IRR	IPFV	?	sceye	Sceye all'oç asc pog avoccaçon a phasm.	There wasn't much TV entertainment then.
25873	sceye	there.be-ipf	sceir (there is)	IRR	IPFV	?	sceye	Sceye un ouç plentivous cant alcun hom parolau.	There was a tense silence before anyone spoke.
26192	sceye	there.be-ipf	sceir (there is)	IRR	IPFV	?	sceye	No sceye l'hour por commorar ne malestr.	There wasn't time to linger in discomfort.
31860	sceye	there.be-ipf	sceir (there is)	IRR	IPFV	?	sceye	Sceye un rix longinq entr y dou famigl.	The two families had a protracted feud.
9821	scey	there.is	sceir (there is)	IRR	PRS	?	scey	Me scey foy all'anim candon y stel sgardar yert.	I feel a fire in my soul when I look up at the stars.
15573	scey	there.be	sceir (there is)	IRR	PRS	?	scey	Scey tascban demay nell'oc scoclet lessy.	This white chocolate has too much vanilla.
17811	scey	there.is	sceir (there is)	IRR	PRS	?	scey	Scey un spaiðoir scos ne sy tablaur.	Her desk has a secret drawer.
18054	scey	there.is	sceir (there is)	IRR	PRS	?	scey	Scey vigt vecin sart all'oc pascman.	This restaurant serves local food.
18365	scey	there.be	sceir (there is)	IRR	PRS	?	scey	Scey zygom ag vrogs ny doit.	There's a valve in the thin part of the pipe.
20335	scey	there.is	sceir (there is)	IRR	PRS	?	scey	La scey tojorn quondant con un çod rubic.	She's always hanging out with sporty friends.
20781	scein	there.be-3p	sceir (there is)	IRR	PRS	3PL	scein	Nossy foyail es fis e scein lau pre yonoscon.	We're out of petrol in the middle of nowhere.
21533	scey	there.is	sceir (there is)	IRR	PRS	?	scey	J'admet ig no scey l'augrim a nacleu ne sce de mey.	I admit differential calculus isn't in my wheelhouse.
23530	scey	there.be	sceir (there is)	IRR	PRS	?	scey	A sy lasc novel scey un tombr a sdegn.	Her new film's garnered lots of criticism.
28106	scey	there.be	sceir (there is)	IRR	PRS	?	scey	Ma scey afont my cour	But there is within my heart
28446	scey	there.be	sceir (there is)	IRR	PRS	?	scey	Scey un ensembr a scac yonoscon ny tarn.	There's a chess set somewhere in the pub.
10222	sceint	there.be-ptcp.prs	sceir (there is)	IRR	PRS.PTCP		sceint	Y scavour cossy sceint poð noc hand dar all'hom poið.	As a journalist, they cannot have sex with their source.
23261	sceint	there.be-p.prs	sceir (there is)	IRR	PRS.PTCP		sceint	Cay gravatoir y massem de descovan ja sceint dy siecr catorç.	It's the largest collection of extant fourteenth-century folios.
31546	sceint	there.be-p.prs	sceir (there is)	IRR	PRS.PTCP		sceint	Cal çod hamt y coyol dy canvaskel sceint oy?	Which team is leading the league right now?
23106	stoura	need-fut	stovir (be needed)	IRR	FUT	?	stoura	Stoura un tourm ottem all'oc kevlar.	This heist will need a better crew.
28358	storra	need-fut	stovir (be needed)	IRR	FUT	3SG	storra	Me storra le vin y tabr despondr pre nos pascau.	I need him to come and set the table before we eat.
19053	stove	need-ipf	stovir (be needed)	IRR	IPFV	?	stove	Te stove un cottegl a ty dois accatar?	Did you need to buy a new phone case?
21319	stove	must-ipf	stovir (be needed)	IRR	IPFV	?	stove	Me stove pieç parol bisan dar a my fraðr.	I had to tell my brother some hard truths.
28464	stove	need-ipf	stovir (be needed)	IRR	IPFV	?	stove	Lou stove l'os a cois algebrar toð pront.	They had to set the thighbone at once.
29671	stove	must-ipf	stovir (be needed)	IRR	IPFV	?	stove	Me stove y vajot eð y time grindr.	I had to weigh the pros and cons.
15945	stou	want	stovir (be needed)	IRR	PRS	?	stou	Me stou for savir ig nos seim scaðr den.	I want to know we're on the same page.
17074	stou	must	stovir (be needed)	IRR	PRS	1PL	stou	Nos stou desveyar por y tragres eluïr.	We'll detour to avoid the parade.
20225	stoun	need-3p	stovir (be needed)	IRR	PRS	3PL	stoun	Nos stoun balis sobottal luicessem.	We need stronger radio transmitters.
28696	stou	must	stovir (be needed)	IRR	PRS	?	stou	Stou dou trevold assignar all'ec alumn.	You must set this class two novels.
31240	stou	need	stovir (be needed)	IRR	PRS	?	stou	Skig le keyottar; luy stou noc un douçur may.	Don't pamper him; he doesn't need more pudding.
12189	valois	should-sbj.ipf	valir (be worth)	IRR	IPFV.SBJV	?	valois	Me valois noc y fabr assistr con my maðr.	I shouldn't have seen the play with my mother.
9020	val	worth	valir (be worth)	IRR	PRS	?	val	Me val noc entrar desig mell'azig hortumesc.	I shouldn't come in because of my filthy shoes.
12988	val	worth	valir (be worth)	IRR	PRS	2SG	val	Te val casc joccon presument jannestar.	You should ignore all the smug jokesters.
23881	vaun	worth-3p	valir (be worth)	IRR	PRS	3PL	vaun	Nos vaun saget forgar n'adamantin ou?	Are titanium arrowheads worth it?
25946	val	should	valir (be worth)	IRR	PRS	?	val	Val l'oc ollom se figr n'un reliquat.	This relic should be in a museum.
27818	val	should	valir (be worth)	IRR	PRS	?	val	Val y signal ou "Abseïr Jug" ben "Skig Acceir"?	Should the sign say "Keep Out" or "No Entry"?
28234	val	worth	valir (be worth)	IRR	PRS	2PL	val	Vos val joddy offiçar ag costosc dy bauglment.	You should set watchmen to guard the camp.
30001	val	should	valir (be worth)	IRR	PRS	3SG	val	Val la jolley ag madrugoir.	She should be at the club.
29945	valent	worth-p.prs	valir (be worth)	IRR	PRS.PTCP		valent	Pharmac foncçon enhautiscent son valent nell'oc cors.	This competition allows performance-enhancing drugs.
8612	vail	worth.sbj	valir (be worth)	IRR	SBJV	?	vail	Vail l'oç quagl star y quagl pascent?	Should that quail be eating the curds?
28148	vail	worth.sbj	valir (be worth)	IRR	SBJV	1SG	vail	Dec indeneyabr sey jo vail y gra	Because it must be that I'm up to the challenge
12223	veir	see-inf	veir (see)	IRR	INF		veir	Da mey toxen pront la Yam Olau veir.	Alert me as soon as you see Uncle Ollie.
19385	veir	see-inf	veir (see)	IRR	INF		veir	Jo sceu y moment veir de ty plouç souvr.	I caught the moment you dropped the act.
11492	veyau	see-imp.1p	veir (see)	IRR	IPFV	1PL	veyau	Nos veyau lumner ag goðou dereðr.	We could see light at the end of the tunnel.
11052	veint	see-p.prs	veir (see)	IRR	PRS.PTCP		veint	N'yement e l'aucoum bacchabond veint save jo bon aïr par y convoc sbolognant a toð mell'amig.	When I arrived and saw the orgiastic crowd I knew I’d been right to make all my friends come with me.
10097	veurn	see.pst-3p	veir (see)	IRR	PST	3PL	veurn	Casc gent veurn y sagntroðes all'auter.	Everyone saw the priestess at the altar.
11894	vis	see.pst	veir (see)	IRR	PST	1SG	vis	Pront jo vis pall'oscbou my sour cocinant.	I immediately saw my sister cooking through the hatch.
13993	vis	see.pst	veir (see)	IRR	PST	1SG	vis	Jo vis y fabr all'Auspeç Impareïbr noncupað.	I saw the self-styled Peerless Seer's stage show.
32174	vis	see.pst	veir (see)	IRR	PST	1SG	vis	Jo vis y behemoth immoðiscent par un illabond.	I saw the wallowing hippo through the spyglass.
9796	vis	see.ptcp.pst	veir (see)	IRR	PST.PTCP		vis	Jamay n'ayen ðe un bourg uvrauterrem vis.	They had never seen such an idyllic town.
24517	vendra	come-fut-3s	venir (come)	IRR	FUT	3SG	vendra	Le vendra tart dec caut flaccið ne mot routoir.	He'll be late since he's stuck in a traffic jam.
12380	venau	come-ipf.1p	venir (come)	IRR	IPFV	1PL	venau	Nos venau de retornar posc sortir ag vousc.	We had just got back from a tryst together.
32539	vene	come-ipf	venir (come)	IRR	IPFV	?	vene	Y mandrin benoçað poll'occijon vene de cuindr a pom.	The cyanide used in the murder came from apple pips.
12672	vienn	come-3p	venir (come)	IRR	PRS	3PL	vienn	Jo no poð lou affaçar pre vienn y flottisc.	I can't confront them until reinforcements arrive.
12767	vien	come	venir (come)	IRR	PRS	?	vien	Postulað es l'oc roc vien d'un autr gallaið.	There's speculation that this rock comes from another galaxy.
16767	vien	come	venir (come)	IRR	PRS	?	vien	Un bougr insuet vien de laurar cas y haprman.	A new guy's just started at the grocer's.
26669	vien	come	venir (come)	IRR	PRS	?	vien	Vien n'oc hour alant a haun	Soon a safe landfall will come
13061	venoirn	come-pst-3p	venir (come)	IRR	PST	3PL	venoirn	Y cat venoirn aç seðel aposc.	The cats came forth in droves.
13614	venoy	come-pst	venir (come)	IRR	PST	1SG	venoy	Caye trencaç yon jo venoy primer n'Ausbagn.	It was freezing when I first came to Axbane.
28358	vin	come.sbj	venir (come)	IRR	SBJV	3SG	vin	Me storra le vin y tabr despondr pre nos pascau.	I need him to come and set the table before we eat.
14895	vole	will-imp	vol- (will, FUT)	IRR	IPFV	?	vole	Y preç ag davarn vole nossy jougl.	The hotel's price would be the clincher.
21045	vole	will-ipf	vol- (will, FUT)	IRR	IPFV	1SG	vole	Jo vole pogntar apar ma jo broncau.	I meant to flirt but I chickened out.
22970	volen	will-ipf.3p	vol- (will, FUT)	IRR	IPFV	3PL	volen	Le save cojan alcot volen y cançon accis par y roç.	He knew how boring the cabbie's music would be.
23317	volen	will.ipf	vol- (will, FUT)	IRR	IPFV	?	volen	Sell'ec gest volen rebondir cos incommorant.	His acts would have immediate consequences.
16238	volois	will-sbj.ipf	vol- (will, FUT)	IRR	IPFV.SBJV	?	volois	E fin a tu aus doç tu dorme sou lumner, neðan Bon Jesu volois smargr des vogt dy foscur e lor raug te cavir por ty maðr noc aïðar con sy maðr	And until you were twelve you'd sleep in the light, so that Jesus wouldn't come out from the pitch dark and then get angry with you for not helping your mum with her mum
7946	voun	will-3p	vol- (will, FUT)	IRR	PRS	3PL	voun	Cal voun ðe por lorrell'erraç idoneïsar?	What will they do to fix their mistakes?
8773	voum	fut-1p	vol- (will, FUT)	IRR	PRS	1PL	voum	Nos voum noc sy volary outrscac venjar ou?	Are we just going to ignore his brazen thievery?
14297	voum	will-1p	vol- (will, FUT)	IRR	PRS	1PL	voum	Com voum nos se corrir pall'oc glonscel?	How will we get out of this mess?
14596	vouð	will.2p	vol- (will, FUT)	IRR	PRS	2PL	vouð	Comoscon vouð vos l'oc delit motivar?	How are you going to justify this crime?
18648	vil	will	vol- (will, FUT)	IRR	PRS	1SG	vil	Jo vil molir an requïçon idoneyessem de my caf d'an posc.	I'll ask my boss for a more convenenient weekend next year.
21028	vil	will	vol- (will, FUT)	IRR	PRS	?	vil	Sell'osceyan vil y cæros nos ovrir de lembic gostar.	Her birthday will give us the chance to try alcohol.
21496	voun	will-3p	vol- (will, FUT)	IRR	PRS	3PL	voun	Cargeð y boist ny big ða ðe voun lo quottar.	Load the boxes into the boot if they'll fit.
21713	vil	will	vol- (will, FUT)	IRR	PRS	?	vil	D'alcun sunt a effum vil toð gent vossy launt ignoscr.	No amount of bluster will overshadow your faux pas.
22614	voun	will.3p	vol- (will, FUT)	IRR	PRS	3PL	voun	L'ec imascry voun l'Issambr a Lappier æternar.	These statues will commemorate the Lappier Massacre.
23577	vil	will	vol- (will, FUT)	IRR	PRS	3SG	vil	L'oç segr es dignt tojorn le vil scaur ag mur ne Pompeï.	That guy's always saying he'll make a name for himself.
26373	vil	will	vol- (will, FUT)	IRR	PRS	1SG	vil	Jo vil te rannuðar an ensign extolliðessem.	I will recommend you for a higher position.
26725	vouð	will.2p	vol- (will, FUT)	IRR	PRS	2PL	vouð	Vos vouð uncos special accommettr por y gaviscenç ou?	Are you going to do anything special for the festivities?
31959	voun	will.3p	vol- (will, FUT)	IRR	PRS	3PL	voun	Sy fraðr voun y tapeç sur y vason despondr con y trenchet.	Her brothers will set out the picnic on the mat on the lawn.
32046	voun	will-3p	vol- (will, FUT)	IRR	PRS	3PL	voun	Ðe voun cal seget ðarar sull'oc acr?	Which crop will they farm in this field?
8868	vel	will.sbj	vol- (will, FUT)	IRR	SBJV	1SG	vel	Jo vel hur dar an udomintel.	I would like to hire a babysitter.
9921	vel	will.sbj	vol- (will, FUT)	IRR	SBJV	?	vel	Vel my tarsc d'acat me soumonir posc nossell'yenç.	Please remind me of my shopping list when we arrive.
16222	vel	will.sbj	vol- (will, FUT)	IRR	SBJV	2SG	vel	E tu am lasc, ma general tu vel ðe sein a pog belem bressem	And you like films, but generally you'd have them be a few scenes shorter
18228	vel	will.sbj	vol- (will, FUT)	IRR	SBJV	?	vel	Descon luy noc y fraðr vel morir all'outrcaum dy stoir.	Don't tell her the brother dies at the climax of the story.
18383	veleð	will.sbj-2p	vol- (will, FUT)	IRR	SBJV	2PL	veleð	Veleð y luam covauclir pre exeunt fair.	Please put the toilet lid down before leaving.
19781	veleu	will.sj-1p	vol- (will, FUT)	IRR	SBJV	1PL	veleu	Nos veleu soumoin jair a nossy conemour.	We'd like to shout out our patrons.
21395	veleð	will.sbj-2p	vol- (will, FUT)	IRR	SBJV	2PL	veleð	Com veleð vos farar ða vos cay un liesc bouclant?	What would you do if you were in a time loop?
24870	vel	will.sbj	vol- (will, FUT)	IRR	SBJV	2SG	vel	Tu vel nos aïðar a l'ec fil cardonar ou?	Can you help us untangle these wires?
25148	vel	will.sbj	vol- (will, FUT)	IRR	SBJV	?	vel	Cu vel un nom sceint issarr com dob?	Who'd use a real name as a username?
25566	vel	will.sbj	vol- (will, FUT)	IRR	SBJV	?	vel	Lor rou y diac ouð y ley vel y taus terren allocquar.	The journo then asks if the law will affect land tax.
28293	veleð	will.sbj-2p	vol- (will, FUT)	IRR	SBJV	2PL	veleð	Veleð l'oc smaraut beyollir ne my çondr.	Please set this emerald into my pendant.
28642	vel	will.sbj	vol- (will, FUT)	IRR	SBJV	?	vel	Attenað y zachet vel quaglar oç noit.	Wait for the glue to set overnight.
29088	vel	will.sbj	vol- (will, FUT)	IRR	SBJV	?	vel	Jo dout ouð y quil çaveyour vel lou incombir.	I doubt life on easy street would suit them.
29461	veleð	will.sbj-2p	vol- (will, FUT)	IRR	SBJV	2PL	veleð	Veleð aular a to-rutto lonc y forcul.	Cross the mountain pass in single file.
30209	vel	will.sbj	vol- (will, FUT)	IRR	SBJV	?	vel	Jo's creint n'aglon ig sy fraðr vel reapparir.	I'm holding out hope that her brother turns up.
31528	vel	will.sbj	vol- (will, FUT)	IRR	SBJV	?	vel	For un inaltour vel y lasc amar.	Only a snob would like the film.
32138	veleð	will.sbj-2p	vol- (will, FUT)	IRR	SBJV	2PL	veleð	Veleð y cancel embrostar sou kivougl.	Please decorate the banister with holly.
13446	ablegau	expel-pst	ablegar	ar	PST	?	-au	Ubictað ablegau mell'yam deur Ommad.	Ubiquity drove my uncle from Ommad.
24429	abrevant	water-p.prs	abrevar	ar	PRS.PTCP		-ant	M'orruðe l'ouger er nos abrevant auvorn.	I thought the host gave us lots to drink.
22423	acavau	manage-pst	acavar	ar	PST	?	-au	Ja ou vos ignorað comoscon y runastr l'acavau?	Do you still not know how the magician did it?
7291	acatar	buy-inf	accatar	ar	INF		-ar	Sot es toscivr acatar sec lon bouðr ben queimasc.	It's silly to buy a sandwich dry without butter or cream cheese.
11701	acatar	buy-inf	accatar	ar	INF		-ar	Nos benoçaum y hiat por douçur acatar.	We used the interval to get sweets.
16152	acatar	buy-inf	accatar	ar	INF		-ar	Nos erau flannant lonc y rif, ig carnt yon beller acatar.	We were walking down the strand, looking to buy sweets.
19053	accatar	buy-inf	accatar	ar	INF		-ar	Te stove un cottegl a ty dois accatar?	Did you need to buy a new phone case?
26913	accatar	buy-inf	accatar	ar	INF		-ar	Se poðe pom accatar teint ogtoç solt a cascun.	You could buy apples for eighteen pence each.
27785	accatar	buy-inf	accatar	ar	INF		-ar	Se poð ou scadom ben ugnlac accatar.	You can buy either tomatoes or onions.
8412	acataust	buy-pst.2p	accatar	ar	PST	2PL	-aust	L'ec bojay ne voncir acataust vos ou?	Was it you who bought these beeswax candles?
20885	acatau	buy-pst	accatar	ar	PST	1SG	-au	J'acatau dou quignou de nossy govondry.	I bought two pastries from our canteen.
24223	accataum	buy-pst-1p	accatar	ar	PST	1PL	-aum	Nos accataum trenc a lox dy stal ant un canougf a fais blau.	We bought pizza from the stall with a blue-striped awning.
30592	accataurn	buy-pst-3p	accatar	ar	PST	3PL	-aurn	Y xiphar accataurn bos por tre quid a cascun.	The mercs bought guns for three credits each.
32446	accatau	buy-pst	accatar	ar	PST	3SG	-au	L'accatau tre pajot a savon vert teyent un solt a cascun.	He bought three green bars of soap for a shilling each.
12283	acceptar	accept-inf	acceptar	ar	INF		-ar	Le'r jou follant cas l'empley all'ambit acceptar.	He was on the fence about taking the job at the bureau.
31190	accomblar	accumulate-inf	accomblar	ar	INF		-ar	Y vasir parmane a influyenç accomblar.	The vizier continued accruing influence.
11777	adornað	decorate-p.pst	adornar	ar	PST.PTCP		-að	Y sovragl seyon me dað er adornað par fylau.	The belt she gave me was decorated with crows.
12672	affaçar	face-inf	affaçar	ar	INF		-ar	Jo no poð lou affaçar pre vienn y flottisc.	I can't confront them until reinforcements arrive.
25234	affirmn	affirm-3p	affirmar	ar	PRS	3PL	-n	Ðe affirmn y paramontað de rigteç sur ley.	They assert the primacy of ethics over law.
7194	ajoutað	gratify-ptcp.pst	ajoutar	ar	PST.PTCP		-að	Loy paregl ny cour es ajoutað de bon romanç kevlar.	The same part of the heart delights in a good heist story.
14693	ajoutað	gratify-p.pst	ajoutar	ar	PST.PTCP		-að	Jo socquau ne my caðer pille cos ajoutað.	I sank gratefully into my padded chair.
16274	ajoutaç	be.fun	ajoutaçar	ar	PRS	2SG	-ø	Y fabr nou scenað t'ajoutaç ou?	Do you think the new play's fun?
16227	ajoutaçau	be.fun-pst	ajoutaçar	ar	PST	?	-au	Eð ant eld novoç bajau tu un doncel eð oc t'ajoutaçau la noc y plurem	And at the age of nineteen you kissed a girl and didn't have the most fun with it
19419	alandau	dock-pst	alandar	ar	PST	?	-au	J'asseye n'oc hour fin a tandem alandau my convey.	I sat for a bit until my train came at last.
22246	alandaum	turn.up-pst-1p	alandar	ar	PST	1PL	-aum	Nos coum zovay eð alandaum tost.	We took a taxi and arrived early.
24152	alandau	arrive-pst	alandar	ar	PST	?	-au	Cayen deg minut pre un vec alandau ny droccon.	It was ten minutes before a bus pulled into the lay-by.
28464	algebrar	set-inf	algebrar	ar	INF		-ar	Lou stove l'os a cois algebrar toð pront.	They had to set the thighbone at once.
21802	alleyant	ally-p.prs	alleyar	ar	PRS.PTCP		-ant	Nos erau runam alleyant con lou commet a fin.	We were secretly on their side the whole time.
26464	alligar	link-inf	alligar	ar	INF		-ar	Ma comoscon l'oc alligar con melodram?	But how does this relate to musicals?
25566	allocquar	address.inf	allocquar	ar	INF		-ar	Lor rou y diac ouð y ley vel y taus terren allocquar.	The journo then asks if the law will affect land tax.
31528	amar	like-inf	amar	ar	INF		-ar	For un inaltour vel y lasc amar.	Only a snob would like the film.
26273	ama	like-ipf	amar	ar	IPFV	1SG	-a	J'ama y martelment sur huyaç nell'oraçon.	I liked the speech's focus on corruption.
7366	amn	like-3p	amar	ar	PRS	3PL	-n	Ðe amn queldar tras port candon cay bel.	They like to dine outside when it's fine out.
14393	am	like	amar	ar	PRS	1SG	-ø	J'am çamoc sciftar ag tostuð.	I like to have jam on toast.
16212	am	like	amar	ar	PRS	2SG	-ø	Tu am flaut, ma tu am noc l'abysm	You like boating, but you don't like the deep water
16212	am	like	amar	ar	PRS	2SG	-ø	Tu am flaut, ma tu am noc l'abysm	You like boating, but you don't like the deep water
16222	am	like	amar	ar	PRS	2SG	-ø	E tu am lasc, ma general tu vel ðe sein a pog belem bressem	And you like films, but generally you'd have them be a few scenes shorter
19318	am	like	amar	ar	PRS	1SG	-ø	Impar my fraðr j'am l'oç pascman a manoscart.	Unlike my brother I like that fusion restaurant.
25326	am	like	amar	ar	PRS	1SG	-ø	J'am alcun entr y compeðour nell'oc torne.	I dislike all the contenders in this tourney.
31349	am	like	amar	ar	PRS	1SG	-ø	J'am l'oc cochiglot tragçað dy greffour.	I like this snail the scribe drew.
28188	amenað	bring-p.pst	ammenar	ar	PST.PTCP		-að	Schol aun lorrell'alumn amenað all'oc plouçastr.	Schools have brought classes to this pantomime.
10022	annexaum	boost-pst.1p	annexar	ar	PST	1PL	-aum	Nos annexaum y parform con funambr follour.	We enhanced the performance with tightrope walkers.
16646	annexað	append-p.pst	annexar	ar	PST.PTCP		-að	Nossy bevy surplom y rif par un porrujon annexað.	The balcony in our suite overlooks the beachfront.
27561	apportau	bring-pst	apportar	ar	PST	?	-au	Y gardinner apportau un pal des y pentis.	The gardener got a shovel out of the shed.
17845	appoyar	push-inf	appoyar	ar	INF		-ar	Neleð y gran key roug appoyar.	Please don't press the big red button.
7386	armað	task-ptcp.pst	armar	ar	PST.PTCP		-að	Ðe ern armað a pont costroir enter ne far jout.	They were tasked with building a bridge of cast iron alone.
17325	arreloðeçað	trick.out.p.pst	arreloðeçar	ar	PST.PTCP		-að	My dois nou yent es arreloðeçað auvorn.	My new phone has loads of new features.
30303	ascovau	sneeze-pst	ascovar	ar	PST	1SG	-au	J'ascovau e jey morvaç sur my camis.	I sneezed and got snot on my shirt.
27801	assignar	task-inf	assignar	ar	INF		-ar	J'ignoy hayennaç assignar, ma farau.	I forgot to set homework, no big deal.
28696	assignar	set-inf	assignar	ar	INF		-ar	Stou dou trevold assignar all'ec alumn.	You must set this class two novels.
10005	augrimar	compute-inf	augrimar	ar	INF		-ar	J'ay neyað a y bon solution augrimar.	I've failed to calculate the right answer.
26174	augrimeð	compute-sbj.2p	augrimar	ar	SBJV	2PL	-eð	Augrimeð y locomoçon entr y dou termin dy camin.	Find the displacement between the path's endpoints.
16368	augtant	send-p.pst	augtar	ar	PST.PTCP		-ant	Y lamp se quïsceu, y coloir augtant ne vogt dy foscur.	The light went out, plunging the hall into darkness.
22010	aular	walk-inf	aular	ar	INF		-ar	Skig aular ag quarf ða cay ploy borjonnant.	Don't walk to the station if it looks like rain.
29461	aular	walk-inf	aular	ar	INF		-ar	Veleð aular a to-rutto lonc y forcul.	Cross the mountain pass in single file.
22405	aulaum	walk-pst-1p	aular	ar	PST	1PL	-aum	Nos aulaum tras lau de collin ondolant.	We walked for miles over rolling hills.
31057	autrað	change-p.pst	autrar	ar	PST.PTCP		-að	Lorry sentenç no son autrað tras un carantein.	Their beliefs haven't changed in forty years.
16874	azia	stand-ipf	aziar	ar	IPFV	?	-a	Tras sougl azia segr moulous un bos svingant.	At the door was a bulky man holding a gun.
20853	azia	stand-ipf	aziar	ar	IPFV	1SG	-a	J'azia ne spien ig un hom interromois my laur d'asn.	I stood, hoping someone would interrupt the tedium.
7663	aziant	stand-ptcp.prs	aziar	ar	PRS.PTCP		-ant	Fuyo joun ern cantant, aziant sull'ec ranscel.	Young robins were singing, stood on the branches.
16238	aïðar	help-inf	aïðar	ar	INF		-ar	E fin a tu aus doç tu dorme sou lumner, neðan Bon Jesu volois smargr des vogt dy foscur e lor raug te cavir por ty maðr noc aïðar con sy maðr	And until you were twelve you'd sleep in the light, so that Jesus wouldn't come out from the pitch dark and then get angry with you for not helping your mum with her mum
24870	aïðar	help-inf	aïðar	ar	INF		-ar	Tu vel nos aïðar a l'ec fil cardonar ou?	Can you help us untangle these wires?
29837	aðendrar	tour-inf	aðendrar	ar	INF		-ar	La passau y quoncein par y Novomond aðendrar.	She spent her twenties travelling the Americas.
16227	bajau	kiss-pst	bajar	ar	PST	2SG	-au	Eð ant eld novoç bajau tu un doncel eð oc t'ajoutaçau la noc y plurem	And at the age of nineteen you kissed a girl and didn't have the most fun with it
29218	barricheyau	zap-pst	barricheyar	ar	PST	?	-au	Y visn brasser ag port me barricheyau y man.	The brass doorknob gave me an electric shock.
27151	bechettaum	dug.in-pst-1p	bechettar	ar	PST	1PL	-aum	Nos bechettaum jug posc l'elocquy.	We dug in straight after the speech.
27986	benaular	thank-inf	benaular	ar	INF		-ar	Nos deyeu vos benaular por vossy droughanç.	We must thank you all for your contributions.
15863	benoçabr	use-pot	benoçar	ar	POT		-abr	Tu a scaumel lavaç meyon benoçabr ou?	Do you have a spare pen I can borrow?
11701	benoçaum	use-pst-1p	benoçar	ar	PST	1PL	-aum	Nos benoçaum y hiat por douçur acatar.	We used the interval to get sweets.
18823	benoçant	use-p.pst	benoçar	ar	PST.PTCP		-ant	Jo no's un cougt droccað benoçant posc un dezein.	I haven't used a compact disc in ten years.
32539	benoçað	use-p.pst	benoçar	ar	PST.PTCP		-að	Y mandrin benoçað poll'occijon vene de cuindr a pom.	The cyanide used in the murder came from apple pips.
6996	blasmaust	condemn	blasmar	ar	PRS	3PL	-aust	Cascif parmist vos coroncr remainn e lou blasmaust noc?	Why did you permit pretenders to remain without censure?
22010	borjonnant	impend-p.prs	borjonnar	ar	PRS.PTCP		-ant	Skig aular ag quarf ða cay ploy borjonnant.	Don't walk to the station if it looks like rain.
21395	bouclant	loop-ptcp.p	bouclar	ar	PST.PTCP		-ant	Com veleð vos farar ða vos cay un liesc bouclant?	What would you do if you were in a time loop?
21045	broncau	balk-pst	broncar	ar	PST	1SG	-au	Jo vole pogntar apar ma jo broncau.	I meant to flirt but I chickened out.
11020	broucabr	enjoy-pot	broucar	ar	POT		-abr	Broucabr a bas es vencr ne vellisquant.	Winning by using a rules exploit is less fun.
16232	brouc	enjoy	broucar	ar	PRS	2SG	-ø	E tu brouc y ðeu an pol ig attost prestabr	And you enjoy the thighs of a well-roasted chicken
29654	brouc	enjoy	broucar	ar	PRS	3SG	-ø	La brouc un çut tal plen cas music.	She has a lot of musical potential.
8885	broucaum	spend.time-1p.pst	broucar	ar	PST	1PL	-aum	Nos broucaum un crevoscr vunnastr accougl.	We spent a merry evening together.
15480	cadarað	distil-p.pst	cadarar	ar	PST.PTCP		-að	Cay un ronç cadarað d'ougl tascban.	It's an extract of vanilla flavouring.
7663	cantant	sing-ptcp.prs	cantar	ar	PRS.PTCP		-ant	Fuyo joun ern cantant, aziant sull'ec ranscel.	Young robins were singing, stood on the branches.
21496	cargeð	load-2p.sbj	cargar	ar	SBJV	2PL	-eð	Cargeð y boist ny big ða ðe voun lo quottar.	Load the boxes into the boot if they'll fit.
29545	cirteyar	peddle-inf	cirteyar	ar	INF		-ar	Mame me dis de plu luy me cirteyar.	Mum told me to stop mithering her.
29200	cirteyant	peddle-p.prs	cirteyar	ar	PRS.PTCP		-ant	Y vrolliscour er pildr entisour cirteyant.	The influencer was hawking boner pills.
21877	cleunfeyant	cuddle-p.prs	cleunfeyar	ar	PRS.PTCP		-ant	N'entrant la jo lou veu cleunfeyant ag soufa.	I walked in on them cuddling on the sofa.
13301	clignau	fire-pst	clignar	ar	PST	?	-au	Jo montau ag tabr e clignau my bos yert a haut.	I got up on the table and fired my gun into the air.
11894	cocinant	cook-p.prs	cocinar	ar	PRS.PTCP		-ant	Pront jo vis pall'oscbou my sour cocinant.	I immediately saw my sister cooking through the hatch.
19560	collocquant	converse-p.prs	collocquar	ar	PRS.PTCP		-ant	My paðr es collocquant con y gournour imminent.	My father is interviewing the governor-elect.
7575	colombaurn	beeline-pst.3p	colombar	ar	PST	3PL	-aurn	Y fraðr colombaurn dou vars y magler.	The two brothers went straight to the butcher's.
32464	commandara	command-fut	commandar	ar	FUT	?	-ara	Y costoscment commandara y floy soujavigar.	The police will order the river to be dredged.
11608	confiabr	trust-pot	confeyar	ar	POT		~iabr	Nos nolau hur dar for an svattour noscon confiabr.	We were only going to hire a PI we could trust.
15048	contentaum	sate-pst-1p	contentar	ar	PST	1PL	-aum	Nos se contentaum a un tatover soul porçonnar.	We made do with sharing a single potato.
22526	conteyar	count-inf	conteyar	ar	INF		-ar	Jo quïsceu ec ogl eð ençau a conteyar.	I closed my eyes and started counting.
22647	conteyau	count-ipf.1p	conteyar	ar	IPFV	1PL	-au	Nos s'asseyau tras port e conteyau assuvar.	We sat outside and counted shooting stars.
18511	convoccar	invite-inf	convoccar	ar	INF		-ar	Stou ty sour convoccar dec la's tan ricottabr.	You should invite your sister; she's so funny.
30938	coricheyað	chintz-p.pst	coricheyar	ar	PST.PTCP		-að	Sy femn a y cambr coricheyað.	His wife has fillled his house with chintz.
20207	coroccað	crack-p.pst	coroccar	ar	PST.PTCP		-að	Y rostr a my creðon es coroccað.	The tip of my pencil has snapped.
13779	corrogau	develop-1p	corrogar	ar	PRS	1PL	-au	Nos corrogau alcheðr l'oc treborth.	We're redeveloping this seaside resort.
11878	corroular	verify-inf	corroular	ar	INF		-ar	Se poðe noc l'ec rumour d'un batman corroular.	The rumours of a vigilante were unsubstantiable.
15604	cors	run-p.pst	corsar	ar	PST.PTCP		-ø	Stoura aïr me cors pall'ec epoc commotual.	I'd like these turbulent times to be over.
9418	cossir	consider	cossirar	ar	PRS	1SG	-ø	Jo cossir tell'yam rascettongandessem.	I find your uncle more fascinating.
17521	cossirn	consider-3p	cossirar	ar	PRS	3PL	-n	pog cossirn lorry liesc scholer la un Eden soluð.	Few remember their time at that school fondly.
29929	costojar	protect-inf	costojar	ar	INF		-ar	L'aye un pedisecq offiçað a y roum costojar.	He had set a lackey to guard the room.
27543	coupant	cut-p.prs	coupar	ar	PRS.PTCP		-ant	Dou carpenter son egnam de casn coupant.	Two carpenters are cutting oak planks.
10301	coutoccau	tap-pst	coutoccar	ar	PST	3SG	-au	La coutoccau y tambour agil eð exact.	Her drumming was deft and precise.
13679	cuidant	think-p.prs	cuidar	ar	PRS.PTCP		-ant	Yon erað vos cuidant cas quelt?	Where were you thinking for dinner?
20033	cuidant	think-p.prs	cuidar	ar	PRS.PTCP		-ant	Jo's cuidant cos nuvr a my dois extollir.	I've been meaning to upgrade my phone.
30449	cuidant	think-p.prs	cuidar	ar	PRS.PTCP		-ant	Ðe son cuidant vars tostrman cambir.	They're thinking of changing barber.
14213	cur	care	curar	ar	PRS	1SG	-ø	Jo cur bogr yon nis sbolognar.	I don't care whose fault it is.
10268	debriscellisant	prune-ptcp.prs	debriscelleyar	ar	PRS.PTCP		~isant	Jo's debriscellisant por scoy d'un seman a scitation.	I'm laying the groundwork for a piece-of-cake exam week.
10604	defassar	develop.inf	defassar	ar	INF		-ar	Nos erreu l'oc kessandar coram fin a bogr defassar.	We have to discuss this in person before we can make any progress.
32636	dema	opine-ipf	demar	ar	IPFV	?	-a	Toð gent dema l'ig autonomy Rurtagn no sta for un fancy.	Everyone said Ruritanian independence was a pipe dream.
18680	depostau	store-1p	depostar	ar	PRS	1PL	-au	Nos depostau l'ec taflot an bacaget.	We keep these board games in a closet.
31750	depoussaum	wean-pst-1p	depoussar	ar	PST	1PL	-aum	Nos depoussaum tre dell'agnel je meis Aost.	We weaned three of the lambs in August.
12502	descorçant	eye-p.prs	descorçar	ar	PRS.PTCP		-ant	Ðe ern l'imascry descorçant ag cogn jagerrem.	They were peering at the sculpture in the far corner.
12949	desirað	want-p.pst	desirar	ar	PST.PTCP		-að	Seyað clar con ig voscon desirað svellar.	Be clear in what you want to express.
27713	desjovar	unlink-inf	desjovar	ar	INF		-ar	Skig sdroyet desjovar cant moustr se migrn.	Do not unplug drives during file transfer.
8047	dessoclau	topple-pst	dessoclar	ar	PST	?	-au	My fraðr dessoclau y castel blader meyon costroit.	My brother knocked over the house of cards I built.
28143	desveyara	veer-fut	desveyar	ar	FUT	?	-ara	Yon fortun desveyara	For destiny to change course
17074	desveyar	veer-inf	desveyar	ar	INF		-ar	Nos stou desveyar por y tragres eluïr.	We'll detour to avoid the parade.
20701	desveyaum	swerve-pst-1p	desveyar	ar	PST	1PL	-aum	Nos desveyaum d'un ðorof a cogmaðer clamant.	We dodged a gaggle of noisy tourists.
16243	dignant	be.named-p.prs	dignar	ar	PRS.PTCP		-ant	Ben can noc menar te dignant Pieðr, desig—	Or for not walking the dog who you named Peter, because of—
29088	dout	doubt	doutar	ar	PRS	1SG	-ø	Jo dout ouð y quil çaveyour vel lou incombir.	I doubt life on easy street would suit them.
29307	dreçn	spell-3p	dreçar	ar	PRS	3PL	-n	Catr çondr sur sy boucr dreçn "ðurr".	Four charms on his bracelet spelt "burn".
18823	droccað	notch-p.pst	droccar	ar	PST.PTCP		-að	Jo no's un cougt droccað benoçant posc un dezein.	I haven't used a compact disc in ten years.
14613	droughar	join.in-inf	droughar	ar	INF		-ar	Cu 'sirn droughar de nossy taflot?	Who wants to join our board game?
19301	duvant	cheat-p.prs	duvar	ar	PRS.PTCP		-ant	Jo saveu mell'amig er duvant a scac.	I realised my friend was cheating at chess.
23140	duvau	duck-pst	duvar	ar	PST	1SG	-au	Jo duvau y bosaç con y tegmn d'un hey.	I used a fence as cover from the gunfire.
25252	echovan	resound-ipf.3p	echovar	ar	IPFV	3PL	-an	L'ec voç de nossy felau echovan tras y pereð.	Our mates' voices carried through the partition.
21786	effumant	outgas-p.prs	effumar	ar	PRS.PTCP		-ant	L'oc detaxion es aphlox psolic effumant com fæx ou?	Is this reaction producing waste carbon monoxide?
32138	embrostar	adorn-inf	embrostar	ar	INF		-ar	Veleð y cancel embrostar sou kivougl.	Please decorate the banister with holly.
8031	embrostant	embroider-ptcp.prs	embrostar	ar	PRS.PTCP		-ant	Y sartour er un fleus neir embrostant.	The dressmaker was embroidering a black velvet.
18664	embrostant	embroider-p.prs	embrostar	ar	PRS.PTCP		-ant	Zillapr stan sy brag embrostant.	His underpants had buttercups on.
25856	encontrað	meet-p.pst	encontrar	ar	PST.PTCP		-að	Racont mey dy domn bland voscon encontrað.	Tell me about the interesting woman you met.
29562	encromnn	pocket-3p	encromnar	ar	PRS	3PL	-n	Y soldart encromnn mansc com louf famiscent.	The soldiers scarf food like starving wolves.
31258	encromnau	pocket-pst	encromnar	ar	PST	?	-au	Y greffour encromnau l'ognt e "pardeu" y delt.	The clerk pocketed the bribe and "lost" the file.
15276	enombreu	rally-sbj.1p	enombrar	ar	SBJV	1PL	-eu	Enombreu casc corrovað ac yent oc aubon.	Let's rally the morning's new recruits.
28276	entisau	tauten-pst	entisar	ar	PST	3SG	-au	L'entisau un traccart ny bosc entr dou casn.	He set a trap in the woods between two oaks.
28530	entisaum	tighten-pst.1p	entisar	ar	PST	1PL	-aum	Nos entisaum gas, l'aye min hieratic eð intradugbr.	They locked eyes, his face set and unreadable.
21877	entrant	enter-p.prs	entrar	ar	PRS.PTCP		-ant	N'entrant la jo lou veu cleunfeyant ag soufa.	I walked in on them cuddling on the sofa.
13502	enverimmað	poison-p.pst	enverimmar	ar	PST.PTCP		-að	Tag enverimmað con mandrin occeyeu ty quanga.	Your secretary was poisoned with cyanide-laced tea.
28624	enveyau	envy-pst	enveyar	ar	PST	1SG	-au	J'enveyau sy cigl risc aye un hundy a catr roum.	I envied his rich boyfriend's four-room set.
28048	envoccar	invoke-inf	envoccar	ar	INF		-ar	Ða jo creye n'envoccar	If I believed in doing magic
23514	ençar	start-inf	ençar	ar	INF		-ar	Nos orruðe casc y gent ausn taur a ençar destr.	It looked like everyone was eager to get going.
12734	ença	start-ipf	ençar	ar	IPFV	?	-a	Y cociner ença voug cas hojol ne sarzin.	The cook was terrible at buckwheat pancakes.
12709	ençant	start-p.prs	ençar	ar	PRS.PTCP		-ant	Sy coðelostað er ençant a nos tardir.	His caution was starting to slow us down.
17621	ençau	start-pst	ençar	ar	PST	?	-au	Alcheðr my paðr ençau a grindr n'Avril.	My dad's been dating again since April.
22526	ençau	start-pst	ençar	ar	PST	?	-au	Jo quïsceu ec ogl eð ençau a conteyar.	I closed my eyes and started counting.
28377	ereðmfeyau	set-pst	ereðmfeyar	ar	PST	1SG	-au	J'ereðmfeyau l'orlosc ne traiscn a tre minut lon theu.	I accidentally set the pocketwatch three minutes late.
25066	evolgaurn	leak-pst.3p	evolgar	ar	PST	3PL	-aurn	Y fougl pavarrot l'evolgaurn prell'aubon.	The tabloids got the story out overnight.
18174	evolgað	promulgate-p.pst	evolgar	ar	PST.PTCP		-að	L'entrcollocq indiglað se cou evolgað.	The unredacted interview got leaked.
21395	farar	fare-inf	farar	ar	INF		-ar	Com veleð vos farar ða vos cay un liesc bouclant?	What would you do if you were in a time loop?
17123	façada	face-ipf	façadar	ar	IPFV	?	-a	Y davarn façada y jogntur de dou yeul ovart.	The hotel was at the intersection of two main roads.
13352	figurar	imagine-inf	figurar	ar	INF		-ar	Jo's eut may hellinar a tu pos figurar.	I've been through more than you can imagine.
12804	filar	spin-inf	filar	ar	INF		-ar	Y lan a filar se coun pisað cos inequal.	The wool to spin was unfairly distributed.
11509	flagitant	insist-p.prs	flagitar	ar	PRS.PTCP		-ant	Ðe son flagitant lorry port jamay zamicar.	They're insisting they never lock their door.
28940	flagitant	demand-p.prs	flagitar	ar	PRS.PTCP		-ant	Casc toun ajos son un mornç a morn flagitant.	Each suburb is demanding a piece of the action.
16152	flannant	stroll-p.prs	flannar	ar	PRS.PTCP		-ant	Nos erau flannant lonc y rif, ig carnt yon beller acatar.	We were walking down the strand, looking to buy sweets.
8483	flannaum	amble-pst.1p	flannar	ar	PST	1PL	-aum	Nos flannaum pall'yarç colloir ant yeðrot parlocant.	We ambled down the pergola with ivy all around us.
8949	flaðrant	climb-ptcp.prs	flaðrar	ar	PRS.PTCP		-ant	Tre moðnaut ern y cordamn flaðrant.	Three sailors were climbing in the rigging.
8966	flaðrant	climb-ptcp.prs	flaðrar	ar	PRS.PTCP		-ant	Dou aragn son y platcouf flaðrant.	Two spiders are climbing on the ceiling.
12283	follant	tread-pt.p	follar	ar	PRS	PL?	-ant	Le'r jou follant cas l'empley all'ambit acceptar.	He was on the fence about taking the job at the bureau.
23881	forgar	make-inf	forgar	ar	INF		-ar	Nos vaun saget forgar n'adamantin ou?	Are titanium arrowheads worth it?
11589	forgað	create-p.pst	forgar	ar	PST.PTCP		-að	Nos trovaum un seucq forgað de laprot.	We found a path made by rabbits.
8331	frigsant	fry-ptcp.prs	frigsar	ar	PRS.PTCP		-ant	J'er pol frigsant je ados cas mey.	I was frying chicken at home yesterday.
24707	frottant	rub-p.prs	frottar	ar	PRS.PTCP		-ant	Jo's y jarry frottant tras un demy d'hour.	I've been scrubbing dishes for half an hour.
10114	gaddant	screw-ptcp.prs	gaddar	ar	PRS.PTCP		-ant	Nos erau y Nil gaddant aval n'auror.	We were motoring down the Nile at sunrise.
23953	gajannar	win-inf	gajannar	ar	INF		-ar	Jo stima noc se sceus aðief gajannar.	I didn't think the prize was enough.
29041	gajannar	win-inf	gajannar	ar	INF		-ar	Un Honour de Hatfell gajannar gal vry moulous.	Winning a Hatfell Honour carries great cachet.
9149	galað	escort-ptcp.pst	galar	ar	PST.PTCP		-að	Jo n'ay tag beut par monð, ja galað.	I haven't had tea in months, come to that.
17968	gehennant	embarrass-p.prs	gehennar	ar	PRS.PTCP		-ant	Mell'aldr son magn gehennant.	My folks are so embarrassing.
23432	gehennant	embarrass-p.prs	gehennar	ar	PRS.PTCP		-ant	Gehennant ig nos ayau porc errevour tost y dou por y fest.	Embrassingly we'd both made pork redeemer for the feast.
11036	gliðan	glide-ipf.3p	gliðar	ar	IPFV	3PL	-an	Y fruyour gliðan tras l'area guyer.	The dancers went anticlockwise round the plaza.
21028	gostar	taste-inf	gostar	ar	INF		-ar	Sell'osceyan vil y cæros nos ovrir de lembic gostar.	Her birthday will give us the chance to try alcohol.
8298	gravau	carve-pst	gravar	ar	PST	?	-au	Saveð vos cal praxitel gravau y Macchine di Helio?	Do you know which sculptor carved the Machines of Helios?
22226	gringlar	topple-inf	gringlar	ar	INF		-ar	Un truc par ados me fey gringlar a cainç.	A shove from behind knocked me over.
17586	gringlau	tumble-pst	gringlar	ar	PST	?	-au	My trelamn a blad gringlau tout a coup.	My house of cards collapsed all at once.
14281	grivlað	sieve-p.pst	grivlar	ar	PST.PTCP		-að	La rob y parol bogr grivlað.	She doesn't mince words.
30358	hamta	dwell-ipf	hamtar	ar	IPFV	?	-a	Y sleut hamta mout y bosty.	The politician frequented the brothel.
30781	hamtn	reside-3p	hamtar	ar	PRS	3PL	-n	Feir panelleyað dell'ec stoir hamtn y hamblot.	The village has fetes themed around these tales.
23594	hamtant	dwell-p.prs	hamtar	ar	PRS.PTCP		-ant	Jo kiglau l'oç seyon rovað dec j'er bucol hamtant.	I missed what he asked because I was daydreaming.
23191	hamtau	win.over-pst	hamtar	ar	PST	?	-au	Y melody dy sanfoin me hamtau a plaç entarn.	The bagpipe tune grew on me eventually.
26480	harneisaum	use-pst-1p	harneisar	ar	PST	1PL	-aum	Nos harneisaum graivet e gant.	We put shinpads and gloves on.
23122	havara	hail-fut	havar	ar	FUT	?	-ara	Quippe l'oc havara un hom alcant aposc.	Surely someone will notice eventually.
13352	hellinar	plug-inf	hellinar	ar	INF		-ar	Jo's eut may hellinar a tu pos figurar.	I've been through more than you can imagine.
26207	hoccovau	ahem-pst	hoccovar	ar	PST	2SG	-au	Tu te hoccovau y voç e cou ouç.	You went "ahem" and silence fell.
22822	hoissar	blow-inf	hoissar	ar	INF		-ar	L'oc baðrment a hoissar es my reu de við.	This wind ensemble is my calling.
24670	hoissar	play.wind-inf	hoissar	ar	INF		-ar	Jo parmanoy a hoissar, y glouç seponent.	I kept playing, ignoring the giggles.
13597	hoissant	blow-p.prs	hoissar	ar	PRS.PTCP		-ant	Hour alcot es tu y toriot hoissant?	How long have you been playing the torriot?
29290	hoissaurn	blow-pst-3p	hoissar	ar	PST	3PL	-aurn	Y torriot hoissaurn ag preu gran entrjainç aðaun.	The bassoons played in the first big tutti section.
18963	hortaminau	urge-pst	hortaminar	ar	PST	1SG	-au	Jo luy hortaminau acceir all'empley.	I urged him to accept the job.
27019	hurstað	equip-p.pst	hurstar	ar	PST.PTCP		-að	Y joun a y sona fort hurstað cos nuverrem.	The kid's really come into her own lately.
28784	identfeyan	equate-ipf-3p	identfeyar	ar	IPFV	3PL	-an	Y Grec identfeyan Suthocq e Typhon.	The Greeks conflated Set and Typhon.
24594	ignorar	ignore-inf	ignorar	ar	INF		-ar	Le'r resoluð a casc senglottaç ignorar.	He was bent on ignoring any criticism.
8931	ignor	not.know	ignorar	ar	PRS	1SG	-ø	J'ignor trevogt demay poll'oc scarrad yarçer.	I don't know enough voidtales for this crossword.
22423	ignorað	ignore-2p	ignorar	ar	PRS	2PL	-að	Ja ou vos ignorað comoscon y runastr l'acavau?	Do you still not know how the magician did it?
16734	improbau	scold-pst	improbar	ar	PST	?	-au	Y maðr improbau sell'heir posc l'oç fo reuluð.	The mother scolded her son when he got back.
13079	indigneð	begrudge-sbj.2p	indignar	ar	SBJV	2PL	-eð	Indigneð mey noc dell'oc baugl van.	Don't hold this bad set-up against me.
14371	inquittað	quote-p.pst	inquittar	ar	PST.PTCP		-að	Jo dis noc l'oç meyon inquittað con!	I didn't say what I've been quoted as saying!
32064	issaugheð	rinse-imp	issaughar	ar	IPFV	?	-eð	Soul issaugheð y paðel; despardað noc y savon.	Just rinse the dishes; don't waste the soap.
28763	jagatteyað	set-p.pst	jagatteyar	ar	PST.PTCP		-að	Y lasc es jagatteyað nell'Anarchy Portingal.	The film is set during the Portingale Anarchy.
12988	jannestar	sweep-inf	jannestar	ar	INF		-ar	Te val casc joccon presument jannestar.	You should ignore all the smug jokesters.
22877	javigar	trawl-inf	javigar	ar	INF		-ar	Nos stou la javigar des caucet.	We must leave no stone unturned.
24992	javigar	trawl-inf	javigar	ar	INF		-ar	Or bon, tenau a lo javigar.	Alright, let's keep searching.
13023	javigaum	trawl-pst-1p	javigar	ar	PST	1PL	-aum	Nos javigaum toð y majon livr por detaxion cas aur.	We searched the whole library for syntheses involving gold.
30001	jolley	go.out	jolleyar	ar	PRS	3SG	-ø	Val la jolley ag madrugoir.	She should be at the club.
18019	jolleyaum	go.out-pst-1p	jolleyar	ar	PST	1PL	-aum	Je mell'osceyan jolleyaum nos ag scen.	For my birthday we went to the theatre.
31240	keyottar	spoil-inf	keyottar	ar	INF		-ar	Skig le keyottar; luy stou noc un douçur may.	Don't pamper him; he doesn't need more pudding.
8683	kiglar	miss-inf	kiglar	ar	INF		-ar	Nos n'arreu magn vivirc neðan y scon vec kiglar.	We won't have much leeway to catch the second bus.
12785	kigla	fail-ipf	kiglar	ar	IPFV	1SG	-a	Jo kigla reuvr a mell'orin pre oc annað.	I hadn't been back home until this year.
13813	kiglaust	miss-pst-2p	kiglar	ar	PST	2PL	-aust	Vos kiglaust y liesc je sont Avril.	You missed the 7th of April deadline.
23594	kiglau	miss-pst	kiglar	ar	PST	1SG	-au	Jo kiglau l'oç seyon rovað dec j'er bucol hamtant.	I missed what he asked because I was daydreaming.
8503	laiscað	leave-ptcp.pdt	laiscar	ar	PST.PTCP		-að	Cu a l'oc ugnlac vorpal laiscað jos ty panner?	Who's left this diced onion next to the breadbin?
10917	landau	wash-pst	landar	ar	PST	1SG	-au	Jo me landau y visaç raut nell'evier.	I quickly washed my face in the sink.
25963	lançau	throw-pst	lançar	ar	PST	?	-au	My patron me lançau un scoul yemal.	My boss glared at me without warmth.
15880	laundaus	elapse-sbj.ipf	laundar	ar	IPFV.SBJV	?	-aus	Orruðe hour laundaus lavaç sad.	It seemed an awful waste of time.
12843	laundaurn	slip-pst-3p	laundar	ar	PST	3PL	-aurn	Y dou tarnaç laundaurn ne sortir.	The two regulars stumbled as they left.
21302	laundau	trip-pst	laundar	ar	PST	3SG	-au	Le laundau cant le descene des y carrot.	He tripped as he got out of the carriage.
16767	laurar	work-inf	laurar	ar	INF		-ar	Un bougr insuet vien de laurar cas y haprman.	A new guy's just started at the grocer's.
14876	laçar	catch-inf	laçar	ar	INF		-ar	Me stou fort y lasc laçar cant lo's n'odysse.	I really want to see the film while it's on.
13282	lejar	halt-inf	lejar	ar	INF		-ar	Con tersur psolic poð l'yeustanç de vin lejar.	Sulphites can arrest the fermentation of wine.
25584	leyar	raise-inf	leyar	ar	INF		-ar	T'incombisce te leyar tostessem.	You should have got up earlier.
24208	libau	sip-pst	libar	ar	PST	?	-au	Y haprman libau sy bier e reuloy a racont fair.	The grocer quaffed his lager and kept talking.
15669	macquaurn	raise-pst.3p	macquar	ar	PST	3PL	-aurn	Ðe la macquaurn vars surcair un tarç dagr.	They raised her to be neither fish nor fowl.
29478	maneyant	handle-p.prs	maneyar	ar	PRS.PTCP		-ant	Y stuðant er y scaumel maneyant lon theu.	The student was idly fidgeting with the pen.
31923	manoscarteyaurn	hybridise-pst-3p	manoscarteyar	ar	PST	3PL	-aurn	Y jangour lo manoscarteyaurn cosogr relijon Jaugta.	The maroons syncretised it with Jaughta [Choctaw] religion.
29820	mariðar	wed-inf	mariðar	ar	INF		-ar	Lorrell'heir desir un routuron mariðar.	Their son wants to wed a commoner.
22089	mariðað	marry-p.pst	mariðar	ar	PST.PTCP		-að	Ðe se courn mariðað pre un cocoro.	They got married unexpectedly.
16135	massant	chew-p.prs	massar	ar	PRS.PTCP		-ant	Ðe aun ig rekestað jo faç exeunt lon massant.	They asked me to bow out without a fuss.
16243	menar	lead-inf	menar	ar	INF		-ar	Ben can noc menar te dignant Pieðr, desig—	Or for not walking the dog who you named Peter, because of—
14724	menn	lead-3p	menar	ar	PRS	3PL	-n	L'oc compostion de pont parmet coval menn gamblas apar.	This bridge design allows horses to draw barges past it.
17984	mestein	sadden-3p	mesteyar	ar	PRS	3PL	~in	L'ec dougl nos mestein cascun.	These losses sadden us all.
27713	migrn	migrate-3p	migrar	ar	PRS	3PL	-n	Skig sdroyet desjovar cant moustr se migrn.	Do not unplug drives during file transfer.
15686	mirant	look.at-p.prs	mirar	ar	PRS.PTCP		-ant	J'er astr mirant all'hour dou je ados.	I was stargazing until two last night.
31441	mirant	gaze-p.prs	mirar	ar	PRS.PTCP		-ant	Nos erau astr mirant cant y banfoy souðure.	We stargazed as the campfire smouldered.
17057	miraum	look.at-pst.1p	mirar	ar	PST	1PL	-aum	Nos miraum y horam d'un vrugheç lað.	We looked at the wide shot of broad moorland.
30270	mixallant	guillotine-p.prs	mixallar	ar	PRS.PTCP		-ant	Y regnanç er ec hom mixallant a casc jorn.	The regime was beheading people every day.
17917	moglau	wet-pst	moglar	ar	PST	?	-au	Jo tossottau eð y camis me moglau con saf.	I spluttered and got juice on my shirt.
15360	monfiar	multiply-inf	monfeyar	ar	INF		~iar	Y stuðant parsiscen comoscon ronç monfiar.	The students learnt how to multiply fractions.
21634	monnocquar	trudge-inf	monnocquar	ar	INF		-ar	Nos eyau monnocquar tras seg acr por ac yembr.	We had to trudge through six fields to get here.
18568	montar	go.up-inf	montar	ar	INF		-ar	Jo sta raussið d'y vec vabian closnautr montar.	I was loath to board the rickety bus.
13301	montau	go.up-pst	montar	ar	PST	1SG	-au	Jo montau ag tabr e clignau my bos yert a haut.	I got up on the table and fired my gun into the air.
27168	mormonnant	mumble-p.prs	mormonnar	ar	PRS.PTCP		-ant	Y çarf bondisceu tras un reu mormonnant.	The stag leapt over a babbling brook.
14596	motivar	justify-inf	motivar	ar	INF		-ar	Comoscon vouð vos l'oc delit motivar?	How are you going to justify this crime?
16467	narreyau	goad-pst	narreyar	ar	PST	?	-au	Mell'amig lou narreyau vars agir temerer.	My friend goaded them into acting rashly.
32277	neya	fail-ipf	neyar	ar	IPFV	1SG	-a	Jo neya pacentar aðief por y duc obsequïr.	I lacked the patience to indulge the duke.
21513	ney	fail	neyar	ar	PRS	1SG	-ø	Jo ney a l'oc run final yembr ny scarrad yarcer.	I can't get the last letter in this crossword.
10005	neyað	fail-ptcp.pst	neyar	ar	PST.PTCP		-að	J'ay neyað a y bon solution augrimar.	I've failed to calculate the right answer.
23710	nommau	name-pst	nommar	ar	PST	?	-au	L'agathin la nommau de borel a phasm prose.	The minister called her an idiot on live TV.
28234	offiçar	set-inf	offiçar	ar	INF		-ar	Vos val joddy offiçar ag costosc dy bauglment.	You should set watchmen to guard the camp.
29929	offiçað	set-p.pst	offiçar	ar	PST.PTCP		-að	L'aye un pedisecq offiçað a y roum costojar.	He had set a lackey to guard the room.
21696	oglar	oil-inf	oglar	ar	INF		-ar	Te stou moutessem y govon oglar.	You need to oil the hinges more.
22405	ondolant	ripple-p.prs	ondolar	ar	PRS.PTCP		-ant	Nos aulaum tras lau de collin ondolant.	We walked for miles over rolling hills.
9434	orbeutað	con-ptcp.pst	orbeutar	ar	PST.PTCP		-að	J'ay me caut orbeutað d'un coroncr ovart.	I've been swindled by a blatant impostor.
15880	orruðe	seem-ipf	orruðar	ar	IPFV	?	-e	Orruðe hour laundaus lavaç sad.	It seemed an awful waste of time.
23514	orruðe	seem-ipf	orruðar	ar	IPFV	1PL	-e	Nos orruðe casc y gent ausn taur a ençar destr.	It looked like everyone was eager to get going.
24429	orruðe	seem-ipf	orruðar	ar	IPFV	?	-e	M'orruðe l'ouger er nos abrevant auvorn.	I thought the host gave us lots to drink.
28026	orruðant	seem-p.prs	orruðar	ar	PRS.PTCP		-ant	Oc orruðant tan mogn	Which seems so silly
25601	ostendað	post-p.pst	ostendar	ar	PST.PTCP		-að	Ðe n'aun nien ostendað tras dou meis.	They've posted nothing in two months.
22543	oundrað	wound-p.pst	oundrar	ar	PST.PTCP		-að	M'orruð un hom ay my bos oundrað.	I think someone's broken my gun.
22805	oustau	charm-pst	oustar	ar	PST	?	-au	Y segr m'oustau des caucet.	The man utterly charmed me.
32349	outrvolau	go.past-pst	outrvolar	ar	PST	?	-au	Y bocquanç ne Juglot outrvolau y prefacçon dy colluy.	The July expenditures overshot the guild's predictions.
30781	panelleyað	pattern-p.pst	panelleyar	ar	PST.PTCP		-að	Feir panelleyað dell'ec stoir hamtn y hamblot.	The village has fetes themed around these tales.
11389	parlocan	straddle-3p.imp	parlocar	ar	IPFV	3PL	-an	Lonc y seucq parlocan zillapr sauvaç.	Wild buttercups grew on each side of the path.
13399	parlocan	straddle-ipf.3p	parlocar	ar	IPFV	3PL	-an	Panel jattove parlocan y cambr.	Teak panels lined the bedroom.
7442	parlocn	flank-3pl	parlocar	ar	PRS	3PL	-n	Haucetr e corf le parlocn, symbol auspecer intermanent.	The hawks and ravens around him are symbols of prophecy.
8483	parlocant	flank-ptcp.prs	parlocar	ar	PRS.PTCP		-ant	Nos flannaum pall'yarç colloir ant yeðrot parlocant.	We ambled down the pergola with ivy all around us.
11205	parnommað	celebrate-p.pst	parnommar	ar	PST.PTCP		-að	Y çavel de ty sour es parnommað.	Your sister's intellect is renowned.
10040	parolar	speak.inf	parolar	ar	INF		-ar	Jo's roglfiant cas Theudesc lepçan parolar.	My spoken Lepsick Dutch is getting rusty.
17747	parolar	speak-inf	parolar	ar	INF		-ar	My sour nil pausar ne parolar de sy cigl.	My sister keeps talking about her boyfriend.
25873	parolau	speak-pst	parolar	ar	PST	?	-au	Sceye un ouç plentivous cant alcun hom parolau.	There was a tense silence before anyone spoke.
22723	parsemnar	sow-inf	parsemnar	ar	INF		-ar	Enceð a y novel parsemnar ig jo sail oc jorn.	Start spreading the news that I'm leaving today.
23772	passar	pass-inf	passar	ar	INF		-ar	Me stoura Janvier passar con gent rustr.	I'll have to spend January among rustics.
19825	passau	pass-pst	passar	ar	PST	1SG	-au	Jo passau y trasson nell'exedr a quarvol.	I spent the layover in the airport lounge.
24410	passau	pass-pst	passar	ar	PST	1SG	-au	Jo passau un ðorof de groun jos l'odysse.	I passed a gaggle of teens by the cinema.
25218	passaurn	pass-pst.3p	passar	ar	PST	3PL	-aurn	Ðe passaurn y ralley par jacas pegr.	They spent the afternoon chatting idly.
29837	passau	spend-pst	passar	ar	PST	3SG	-au	La passau y quoncein par y Novomond aðendrar.	She spent her twenties travelling the Americas.
29853	patronneyau	visit-pst	patronneyar	ar	PST	?	-au	Y souspect patronneyau l'oc benoyour je Mart.	The suspect visited this medium on Tuesday.
17747	pausar	stop-inf	pausar	ar	INF		-ar	My sour nil pausar ne parolar de sy cigl.	My sister keeps talking about her boyfriend.
9940	pegntant	paint-ptcp.prs	pegntar	ar	PRS.PTCP		-ant	Ðe ern y hey pegntant a roug.	They were painting the fence red.
18300	pegntau	paint-pst	pegntar	ar	PST	3SG	-au	La pegntau toð y lettranç ag reðrpuy meðes.	She even painted all the backtound text.
22106	pegntað	paint-p.pst	pegntar	ar	PST.PTCP		-að	Y mur ne Damvað Veðerrem son pegntað con suicr.	The walls of Old Damvath are coated with soot.
28429	phthongar	set-inf	phthongar	ar	INF		-ar	Alcun hom nole l'oç od phthongar a caum.	Nobody was going to set that ode to music.
12804	pisað	weigh-p.pst	pisar	ar	PST.PTCP		-að	Y lan a filar se coun pisað cos inequal.	The wool to spin was unfairly distributed.
12882	ploug	till	ploghar	ar	PRS	1SG	~ug	Nell'oc molin jo ploug jonc vars haidy.	In this factory I process cane into rum.
13697	pluottað	fledge-p.pst	pluottar	ar	PST.PTCP		-að	Jo le stim magn pluottað cos nuvr.	I think he's really matured recently.
21045	pogntar	poke-inf	pogntar	ar	INF		-ar	Jo vole pogntar apar ma jo broncau.	I meant to flirt but I chickened out.
17506	porrujonnant	protrude-p.prs	porrujonnar	ar	PRS.PTCP		-ant	Carra je Naðal oc porrujonnant.	Christmas is just round the corner.
30667	portaraun	wear-fut-3p	portar	ar	FUT	3PL	-araun	Victour portaraun teisment laureller.	Champions will wear laurel wreaths.
26985	porta	wear-ipf	portar	ar	IPFV	3SG	-a	La porta un min de derijon excellent.	She had a look of undisguised scorn.
27359	portan	wear-ipf-3p	portar	ar	IPFV	3PL	-an	Y barvier portan lan des lorrell'ovegl meðes.	The shepherds wore their own sheep's wool.
31385	porta	wear-ipf	portar	ar	IPFV	3SG	-a	La porta l'ornat com cognit.	She wore the uniform as a disguise.
7699	portant	wear-ptcp.prs	portar	ar	PRS.PTCP		-ant	Y domn voinaçal portant ayen y connocry ris ne camp abat.	The women in armourcloth had transformed the ice dance into a battlefield.
9616	portant	carry-ptcp.prs	portar	ar	PRS.PTCP		-ant	Jo traseu y cogn un rað illabond portant.	I went round the corner carrying a fold-up bike.
24241	portant	carry-p.prs	portar	ar	PRS.PTCP		-ant	Jo parceveu my cigl er se portant cos harif.	I noticed my beau was acting weird.
15048	porçonnar	share-inf	porçonnar	ar	INF		-ar	Nos se contentaum a un tatover soul porçonnar.	We made do with sharing a single potato.
19148	postular	suppose-inf	postular	ar	INF		-ar	Lon ongit no's un collujon d'Ubictað unanim postular.	It is nonsensical to say there is a united Ubiquity bloc.
12767	postulað	suppose-p.pst	postular	ar	PST.PTCP		-að	Postulað es l'oc roc vien d'un autr gallaið.	There's speculation that this rock comes from another galaxy.
20626	pounçar	flirt-inf	pounçar	ar	INF		-ar	Fig a pounçar e faç mey garaf poll'oc gat!	Stop flirting and help me with this barrier!
23362	prestar	lend-inf	prestar	ar	INF		-ar	L'Agathin a Ðar derra nis prestar ag stoccad cas piver.	The Farms Minister must consider the livestock lobby.
23755	præmiar	reward-inf	præmiar	ar	INF		-ar	Nos visau y costroinç de randy præmiar.	We aim to incentivise building apartments.
28642	quaglar	set-inf	quaglar	ar	INF		-ar	Attenað y zachet vel quaglar oç noit.	Wait for the glue to set overnight.
10130	quariçtovaurn	sabotage-pst.3p	quariçtovar	ar	PST	3PL	-aurn	Y molin produg alcun zucar des insorgent lo quariçtovaurn.	The mill hasn't produced any sugar since rebels sabotaged it.
18734	quaucant	hurry-p.prs	quaucar	ar	PRS.PTCP		-ant	"Hau a toð gent," dis y giðour quaucant.	"Hi, everyone," said the hurried guide.
31671	quaucaurn	stride-pst-3p	quaucar	ar	PST	3PL	-aurn	Y dou païs quaucaurn pendramnougr a var roug.	The two nations rushed headlong into open war.
7366	queldar	dine-inf	queldar	ar	INF		-ar	Ðe amn queldar tras port candon cay bel.	They like to dine outside when it's fine out.
23069	quistau	phone-pst	quistar	ar	PST	3SG	-au	La me quistau por m'addocir ig bount son ðe ag quarf.	She phoned me to say they're en route to the station.
12603	quisteu	call-1p.sbj	quistar	ar	SBJV	1PL	-eu	Quisteu raut neðan y davarn sey haft.	Let's call now before the hotel's fully booked.
21600	quiðeyant	tire-p.prsɪ	quiðeyar	ar	PRS.PTCP		-ant	Caye l'oç flaðr derran uncos quiðeyant.	That last climb was gruelling.
30764	quonda	lurk-ipf	quondar	ar	IPFV	?	-a	Sy vray engin quonda sou y sboc ligs.	The easy smile belied his true nature.
13152	quondant	lurk-p.prs	quondar	ar	PRS.PTCP		-ant	Nos som quondant ag loub cant le se caf tos.	We're loitering at the shops while he has a haircut.
20335	quondant	lurk-p.prs	quondar	ar	PRS.PTCP		-ant	La scey tojorn quondant con un çod rubic.	She's always hanging out with sporty friends.
21496	quottar	fit-inf	quottar	ar	INF		-ar	Cargeð y boist ny big ða ðe voun lo quottar.	Load the boxes into the boot if they'll fit.
23449	quottar	fit-inf	quottar	ar	INF		-ar	Jo poðe noc me quottar ag scop dy trevold parachthon.	I couldn't get on board with the sci-fi novel's conceit.
13321	quotta	suit-ipf	quottar	ar	IPFV	3SG	-a	Fort alcot le quotta y jacquot me souprene.	I was surprised how well the tux suited him.
31732	quotta	fit-ipf	quottar	ar	IPFV	?	-a	Noc maissem an cubicr sur micrman luy quotta.	A bedsit above a bakery was all she could afford.
13417	ramenant	evoke-p.pst	ramenar	ar	PST.PTCP		-ant	Mell'acquetta er çarvinot ramenant starc.	My liqueur tasted strongly of raspberries.
28905	rancheya	set-ipf	rancheyar	ar	IPFV	3SG	-a	Le trovau launt cant le rancheya y fougl.	He found typos while he set the pages.
26373	rannuðar	nod-inf	rannuðar	ar	INF		-ar	Jo vil te rannuðar an ensign extolliðessem.	I will recommend you for a higher position.
17672	ranscellau	fork-pst	ranscellar	ar	PST	?	-au	Dou rout ranscellau n'un bosc gauvn.	Two roads diverged in a yellow wood.
26622	rappousn	re-push-3p	rappoussar	ar	PRS	3PL	-n	Ma l'ec vent, ðe me rappousn	But these winds, they push me again
9418	rascettongandessem	sparkle-ptcp.prs-comp	rascar	ar	PRS.PTCP		-ettongandessem	Jo cossir tell'yam rascettongandessem.	I find your uncle more fascinating.
19663	raspað	scrape-p.pst	raspar	ar	PST.PTCP		-að	J'yemoy scið aïr kes raspað demay sad.	I realised I'd grated far too much cheese.
9905	raðaum	bike-pst.1p	raðar	ar	PST	1PL	-aum	Nos raðaum tras quaðeglad lonc camin attriboit.	We biked across campus along designated lanes.
26627	reconvocn	re-invite-3p	reconvoccar	ar	PRS	3PL	-n	Ðe me reconvocn a mar	They call me back to sea.
21430	recuida	reflect-ipf	recuidar	ar	IPFV	1SG	-a	Jo recuida jamay noiteyar n'un davarn.	I realised I'd never stayed in a resort.
16135	rekestað	request-p.pst	rekestar	ar	PST.PTCP		-að	Ðe aun ig rekestað jo faç exeunt lon massant.	They asked me to bow out without a fuss.
26664	renajeu	re-sail-1p.sbj	renajar	ar	SBJV	1PL	-eu	Lor renajeu tras oraçoir	Then let's keep sailing through stormy areas
32674	rescavau	re-write-pst	rescar	ar	PST	3SG	-avau	La rescavau l'oç paugral alcheðr.	She rewrote that paragraph twice.
26709	respireu	breath-sbj.1p	respirar	ar	SBJV	1PL	-eu	L'oc aer es teun neðan nos respireu.	This air's too thin for both of us to breathe.
12380	retornar	return-inf	retornar	ar	INF		-ar	Nos venau de retornar posc sortir ag vousc.	We had just got back from a tryst together.
10698	robar	dress-inf	robar	ar	INF		-ar	Dagormay erra la sy parol robar volonter.	From now on she'll have to choose her words wisely.
14281	rob	dress	robar	ar	PRS	3SG	-ø	La rob y parol bogr grivlað.	She doesn't mince words.
10040	roglfiant	rust-ptcp.prs	roglfeyar	ar	PRS.PTCP		~iant	Jo's roglfiant cas Theudesc lepçan parolar.	My spoken Lepsick Dutch is getting rusty.
9837	rondant	hang.out-ptcp.prs	rondar	ar	PRS.PTCP		-ant	Cascif es tu rondant coll'ec quomodolibet?	Why do you hang out with this libertine crowd?
26690	rovau	ask-1p	rovar	ar	PRS	1PL	-au	E rovau nos nien de may	And we ask for nothing more
7757	rovað	ask.for-ptcp.pst	rovar	ar	PST.PTCP		-að	A fin ig tu caif y livr teyon rovað, jo calmau ag varous fin all'augtanç.	So you'd get the book you wanted, I stayed at the shop until it arrived.
23594	rovað	ask-p.pst	rovar	ar	PST.PTCP		-að	Jo kiglau l'oç seyon rovað dec j'er bucol hamtant.	I missed what he asked because I was daydreaming.
25432	rumorar	gossip-inf	rumorar	ar	INF		-ar	Rumorar no's y theu de mey.	I don't usually spread gossip.
30392	rumorað	rumor-p.pst	rumorar	ar	PST.PTCP		-að	Rumorað es ig l'oç prinç sey zamicað an masmorrat.	That prince is rumoured to be locked in a dungeon.
17236	sarrau	tighten-pst	sarrar	ar	PST	1SG	-au	Jo sarrau voloppant y dorangot atorn.	I pulled the overcoat tight around me.
25308	saufgardant	safeguard-p.prs	saufgardar	ar	PRS.PTCP		-ant	Saðour sialler seraun sacr sy seucq saufgardant.	Rye farmers will be vital to securing his legacy.
12301	saut	leave.p.pst	sautar	ar	PST.PTCP		-ø	Mettau noc carrug avant naumagl; ja n'eu nos y muncef meðes saut.	Let's not get ahead of ourselves; we haven't even left the borough yet.
14213	sbolognar	foist.upon-inf	sbolognar	ar	INF		-ar	Jo cur bogr yon nis sbolognar.	I don't care whose fault it is.
11052	sbolognant	foist.upon-p.prs	sbolognar	ar	PRS.PTCP		-ant	N'yement e l'aucoum bacchabond veint save jo bon aïr par y convoc sbolognant a toð mell'amig.	When I arrived and saw the orgiastic crowd I knew I’d been right to make all my friends come with me.
27186	sborreyar	dishevel-inf	sborreyar	ar	INF		-ar	Stou a casc lusour y pachet fort sborreyar.	Each player should shuffle the deck well.
25344	scavlant	ape-p.prs	scavlar	ar	PRS.PTCP		-ant	Y lasc es l'administraçon dy dezein 70 scavlant.	The film's satirising the government of the 70s.
16274	scenað	stage-p.pst	scenar	ar	PST.PTCP		-að	Y fabr nou scenað t'ajoutaç ou?	Do you think the new play's fun?
16400	scenað	stage-p.pst	scenar	ar	PST.PTCP		-að	Y tissour aun un exeunt scenað.	The weavers have staged a walkout.
18843	scencau	pour-pst	scencar	ar	PST	2SG	-au	Tu scencau y soup n'un bacin veronic.	You poured the soup into a plastic tub.
7477	scencað	pour-ptcp.pst	scencar	ar	PST.PTCP		-að	Vitriol scencað sur calamin nastisc copros a jast.	Pouring vitriol on calamine produces jast's cuprose.
14393	sciftar	spread-inf	sciftar	ar	INF		-ar	J'am çamoc sciftar ag tostuð.	I like to have jam on toast.
14474	sciftað	spread-p.pst	sciftar	ar	PST.PTCP		-að	J'ay my pan sciftað a çamoc demay.	I've spread too much jam on my bread.
26546	scoutar	listen-inf	scoutar	ar	INF		-ar	Jo vay noc a l'ec broðoquin scoutar.	I don't have to listen to this bullshit.
31563	scoutar	listen-inf	scoutar	ar	INF		-ar	Nos moliscau a y bau nosthybrist noc scoutar.	We strove not to listen to the jingoist chanting.
31768	sdroyað	store-p.pst	sdroyar	ar	PST.PTCP		-að	Y nombler volau pieç y bors sdroyað par blisnot.	The banker stole some of the funds kept in escrow.
8791	sgarant	wander-ptcp.prs	sgarar	ar	PRS.PTCP		-ant	Gam sgarant me cof donc j'enfugheu.	Wanderlust called me and so I ran away.
9821	sgardar	watch-inf	sgardar	ar	INF		-ar	Me scey foy all'anim candon y stel sgardar yert.	I feel a fire in my soul when I look up at the stars.
26497	sgranfeyant	crunch-p.prs	sgranfeyar	ar	PRS.PTCP		-ant	J'er un pom sgranfeyant cos pegr.	I was idly munching on an apple.
14317	sleghant	slander-p.prs	sleghar	ar	PRS.PTCP		-ant	Le'r mell'yam sleghant avant my rau!	He was shamelessly slandering my uncle!
24332	slengettaum	snog-pst	slengettar	ar	PST	1PL	-aum	Nos slengettaum pegnt gauvn sull'ec stig de hey.	We slathered yellow paint onto the fenceposts.
32464	soujavigar	dredge-inf	soujavigar	ar	INF		-ar	Y costoscment commandara y floy soujavigar.	The police will order the river to be dredged.
22073	soupleyar	bestow-inf	soupleyar	ar	INF		-ar	Nos som plait de l'ambit agathiner vos soupleyar.	We are proud to grant you the ministerial post.
25415	souquondn	lurk-3p	souquondar	ar	PRS	3PL	-n	Toð y volcan sur Istr Boral souquondn tras millenner.	Borland's volcanoes have all been dormant for millennia.
26110	souspectað	suspect-2p	souspectar	ar	PRS	2PL	-að	Vos souspectað y soucorsour ou cas y vol?	Do you suspect the lifeguard of the theft?
19698	souvolaurn	sweep-pst-3p	souvolar	ar	PST	3PL	-aurn	Y rimband ag fruyour souvolaurn apar.	The dancer's ribbons swept through the air.
21157	souvolau	sweep-pst	souvolar	ar	PST	1PL	-au	Y taflot nos souvolau un nievr d'increiltað atorn.	The game sowed seeds of mistrust among us.
8142	sovemblant	sketch-ptcp.prs	sovemblar	ar	PRS.PTCP		-ant	Sell'amig er l'œcumen sovemblant cant nos pascau.	His friend was sketching the surroundings as we ate.
31842	sovrað	exceed-p.pst	sovrar	ar	PST.PTCP		-að	Y floy a sy ðaugr sovrað dou veg par y siecr derran.	The river has overflowed twice in the last century.
15962	spaiðant	scrape-p.prs	spaiðar	ar	PRS.PTCP		-ant	Nos targoim y fenestr de joivr ne spaiðant.	We scraped frost off the window.
32656	spinglar	pin-inf	spinglar	ar	INF		-ar	Jo sceu noc y melody spinglar.	I couldn't identify the tune.
31074	spuðau	abhor-pst	spuðar	ar	PST	?	-au	Y collocquour spuðau a sy paðr sposar.	The journalist refused to vouch for her father.
15604	stoura	be.needed-fut	star	ar	FUT	?	-oura	Stoura aïr me cors pall'ec epoc commotual.	I'd like these turbulent times to be over.
17161	stu	be.needed	star	ar	PRS	1PL	-u	/nɔz stu i ðank ˈsvɛl.dr̩ ˌprɛ.liˈkɔn zar/	We need to thin out the crowd before the real competition.
23953	stima	find-ipf	stimar	ar	IPFV	1SG	-a	Jo stima noc se sceus aðief gajannar.	I didn't think the prize was enough.
25837	stima	think-ipf	stimar	ar	IPFV	3SG	-a	Le stima vos fosseð un hom troç e de sanc ðus.	He thought you were fierce and hot-blooded.
12968	stoccadant	lobby-p.prs	stoccadar	ar	PRS.PTCP		-ant	L'indrec son stoccadant vars parroc demosin.	The charity is lobbying for public parks.
19132	stuðant	study-p.prs	stuðar	ar	PRS.PTCP		-ant	Jo's stuðant vars theorist soustançal denir.	I'm studying to be a materials scientist.
14777	sucq	sag	sucquar	ar	PRS	1SG	~	Jo sucq de ty connardaç!	I'm fed up of your bullshit!
18480	survolant	skim-p.prs	survolar	ar	PRS.PTCP		-ant	Le'r asseyent eð un aujon survolant.	He was sat leafing through a magazine.
16482	sveilar	wake.inf	sveilar	ar	INF		-ar	J'eu sauf a lou sveilar n'ortellent atras.	I nearly woke them up as I snuck past.
23034	sveilau	wake-pst	sveilar	ar	PST	1SG	-au	Jo sveilau des y clacqment a jarry jusser.	I woke to the clatter of plates downstairs.
21994	sveilað	wake-p.pst	sveilar	ar	PST.PTCP		-að	Jo fo sveilað je aubon posc par y tourf.	I was woken in the morning by the riot.
12949	svellar	say-inf	svellar	ar	INF		-ar	Seyað clar con ig voscon desirað svellar.	Be clear in what you want to express.
15251	svingant	wave-p.prs	svingar	ar	PRS.PTCP		-ant	Toll'aucoum ediculat ern tijon svingant.	The whole ediculate set were up in arms.
16874	svingant	wield-p.prs	svingar	ar	PRS.PTCP		-ant	Tras sougl azia segr moulous un bos svingant.	At the door was a bulky man holding a gun.
22508	svingant	wield-p.prs	svingar	ar	PRS.PTCP		-ant	Pieç beuscr son tijon svingant sur y lançbal.	Some louts are up in arms about the lineball.
16062	svoccar	bring.up-inf	svoccar	ar	INF		-ar	Quippe alcun hom nil y budr de cay-seg-a-veðerrem svoccar.	Surely nobody will mention the looming elephant in the room.
18072	taussan	cost-ipf.3p	taussar	ar	IPFV	3PL	-an	Cosogr ðe taussan men an haçot a maus.	The set cost less than a bunch of bananas.
16841	teurfiað	sully-p.pst	teurfeyar	ar	PST.PTCP		~iað	Follastr ne vrugheç a mell'accostur teurfiað.	A moorland frolic has got my clothes dirty.
20717	tirau	pull-pst	tirar	ar	PST	3SG	-au	Le tirau un largeç a haçot imprefait des sy cofrsac.	He pulled surprisingly many things from his backpack.
27235	tirau	pull-pst	tirar	ar	PST	?	-au	Y cociner lo tirau des un cromn de greim.	The cook took it out of an apron pocket.
17901	torneyeð	spin-sbj.2p	torneyar	ar	SBJV	2PL	-eð	Torneyeð y cout fin a y zygom sey ovart.	Turn the crank until the valve's open.
17917	tossottau	splutter-pst	tossottar	ar	PST	1SG	-au	Jo tossottau eð y camis me moglau con saf.	I spluttered and got juice on my shirt.
31349	tragçað	draw-p.pst	tragçar	ar	PST.PTCP		-að	J'am l'oc cochiglot tragçað dy greffour.	I like this snail the scribe drew.
31635	traiscneu	drag-1p.sbj	traiscnar	ar	SBJV	1PL	-eu	Skig star tal cochiglot neðan nos traiscneu!	Don't be such a slowcoach or we'll be late!
14086	travodant	negotiate-p.prs	travodar	ar	PRS.PTCP		-ant	Nos som travodant posc je semman ados!	We've been in negotations since last week!
12207	trovar	find-inf	trovar	ar	INF		-ar	Ðe feirn mordeth amont por y poið dy Nil trovar.	They went on an expedition to find the source of the Nile.
24135	trovar	find-inf	trovar	ar	INF		-ar	Y masctig trovar sta un vajot imprefait.	Finding the ticket was an unexpected bonus.
28031	trou	find	trovar	ar	PRS	1SG	~u	Jo trou l'oç creut askouð	I'd find that cave of treasures
20762	trovant	find-p.prs	trovar	ar	PRS.PTCP		-ant	L'indrec de my sour es se trovant entr hugt e gavisc.	My sister's charity is going from strength to strength.
11589	trovaum	find-pst.1p	trovar	ar	PST	1PL	-aum	Nos trovaum un seucq forgað de laprot.	We found a path made by rabbits.
21225	trouvau	find-pst	trovar	ar	PST	1SG	~uvau	Jo trouvau nien benoçabr entr y supellex dy collocquour.	I found nothing useful in the journalist's paraphernalia.
22839	trovau	find-pst	trovar	ar	PST	?	-au	L'effojaçon trovau un emblemat je ados.	The excavation found a mosaic yesterday.
28905	trovau	find-pst	trovar	ar	PST	3SG	-au	Le trovau launt cant le rancheya y fougl.	He found typos while he set the pages.
30686	trovau	find-pst	trovar	ar	PST	3SG	-au	La trovau doçan de reliquy sur y play.	She found dozens of fossils on the beach.
10831	trovað	find-ptcp	trovar	ar	PST.PTCP		-að	A tu uncos sou y blau trovað nell'oç vessonary?	Have you found anything cool in that catalogue?
26093	ubicqfein	go.viral-3p	ubicqfeyar	ar	PRS	3PL	~in	Lorry caum s'ubicqfein lon hiat.	Their posts are always trending.
28851	uscar	set-inf	uscar	ar	INF		-ar	Vos ignoist y mojol uscar ag contað de settoç.	You neglected to set the variable to seventeen.
14118	validað	qualify-p.pst	validar	ar	PST.PTCP		-að	Se poð jo nolois cavir validað ag reu.	I might lack the prereqs for the course.
25485	vancheu	loot-1p.sbj	vancar	ar	SBJV	1PL	-heu	Vancheu toð vençabr dell'oc vessondry.	Loot this clothes shop of anything we can sell.
23844	vecinar	locate-inf	vecinar	ar	INF		-ar	Y deixist sceu tandem un inquit prose vecinar.	Y deixist sceu tandem un inquit prose vecinar.
17934	vecinað	locate-p.pst	vecinar	ar	PST.PTCP		-að	Y costoscment aun l'hom sont vecinað.	The police have found the guilty party.
11020	vellisquant	cheese-p.prs	vellisquar	ar	PRS.PTCP		-ant	Broucabr a bas es vencr ne vellisquant.	Winning by using a rules exploit is less fun.
14514	vençar	sell-inf	vençar	ar	INF		-ar	Cain l'ec sonc a vençar for cosogr.	These items are not to be sold separately.
30177	vendr	sell-inf	vençar	ar	INF		~dr	Sy vlangr porra noc y diamant vendr pre annað.	Her fence won't be able to sell the diamonds for years.
7727	vença	sell-imp	vençar	ar	IPFV	?	-a	Y refectoir vença manoscart a vigt morac eð ambrosc.	The lunch-house sold Morrack-Ambrosian fusion food.
29389	verdeya	abound-ipf	verdeyar	ar	IPFV	?	-a	L'oç mersc verdeya de nougl spinous.	That bog was full of spiky bulrushes.
23755	visau	aim.at-1p	visar	ar	PRS	1PL	-au	Nos visau y costroinç de randy præmiar.	We aim to incentivise building apartments.
30193	vivota	languish-ipf	vivotar	ar	IPFV	?	-a	L'autour vivota com inconnuð prell'oc livr.	The author languished in obscurity until this book.
21729	vleutað	forget-p.pst	vleutar	ar	PST.PTCP		-að	J'ay gaheç vleutað calun my vestið contenent.	I've forgotten which locker my clothes are in.
10850	volar	steal-inf	volar	ar	INF		-ar	Ty fraðr es untal daugnam incaint sceir sy lucr volar.	Your brother's the kind of dupe who'll get his money stolen.
31768	volau	steal-pst	volar	ar	PST	?	-au	Y nombler volau pieç y bors sdroyað par blisnot.	The banker stole some of the funds kept in escrow.
10204	volað	steal-ptcp.pst	volar	ar	PST.PTCP		-að	Querellabr es ou l'oç imascry fos vray meðes volað.	It's debatable whether that sculpture was even really stolen.
30647	volað	steal-p.pst	volar	ar	PST.PTCP		-að	Y lettr volað interman nossell'un soul zaloc.	The stolen letter is our only bargaining chip.
17236	voloppant	swaddle-p.prs	voloppar	ar	PRS.PTCP		-ant	Jo sarrau voloppant y dorangot atorn.	I pulled the overcoat tight around me.
28116	voðant	vow-p.prs	voðar	ar	PRS.PTCP		-ant	Voðant cos illogic ig tu parman	Illogically vowing that you are still here
30125	vraseyant	impress-p.prs	vraseyar	ar	PRS.PTCP		-ant	L'ec corrovað valeurn y gra vraseyant alcot?	How well did the novices rise to the occasion?
28021	vuscar	wish-inf	vuscar	ar	INF		-ar	Ða jo creye ne vuscar	If I believed in wishing
28074	vuscar	wish-inf	vuscar	ar	INF		-ar	Ma vuscar fay sogn	But wishing is dreaming
28128	vuscar	wish-inf	vuscar	ar	INF		-ar	Lor ða jo crey ne vuscar	So if I believe in wishing
13187	vusca	wish-ipf	vuscar	ar	IPFV	1SG	-a	Jo vusca caldour de souscen neðan cous cingr.	I hoped tomorrow was warm so it wouldn't hail.
27087	yauvnau	pat-pst	yauvnar	ar	PST	3SG	-au	Le s'yauvnau y cavel sborreyað cos van.	He failed to pat down his messy hair.
9401	yettaurn	pelt-pst.3p	yettar	ar	PST	3PL	-aurn	Y scoutour me yettaurn scadom pouðr.	The audience pelted me with rotten tomatoes.
20946	yettaum	pelt-pst-1p	yettar	ar	PST	1PL	-aum	Nos s'yettaum por scap fair dell'eç scobr.	We sprinted away from the explosions.
9210	youdar	numb-inf	youdar	ar	INF		-ar	Jo so l'oc beint por my dolour youdar.	I'm drinking this to numb the pain.
11123	zachettað	glue-p.pst	zachettar	ar	PST.PTCP		-að	Com suðel eu nos y fenestr zachettað ne closið.	As a hack we've glued the windows shut.
11509	zamicar	lock-inf	zamicar	ar	INF		-ar	Ðe son flagitant lorry port jamay zamicar.	They're insisting they never lock their door.
30392	zamicað	lock-p.pst	zamicar	ar	PST.PTCP		-að	Rumorað es ig l'oç prinç sey zamicað an masmorrat.	That prince is rumoured to be locked in a dungeon.
22614	æternar	mark-inf	æternar	ar	INF		-ar	L'ec imascry voun l'Issambr a Lappier æternar.	These statues will commemorate the Lappier Massacre.
21208	çaveyar	cushion-inf	çaveyar	ar	INF		-ar	Dig mey; tu va noc a y los me çaveyar.	Tell me; you don't have to sugarcoat it.
17537	ðalleyant	spreadeagle-p.prs	ðalleyar	ar	PRS.PTCP		-ant	Dou cat ern ðalleyant sou sol blanc.	Two cats were basking in the sunlight.
32046	ðarar	farm-inf	ðarar	ar	INF		-ar	Ðe voun cal seget ðarar sull'oc acr?	Which crop will they farm in this field?
27341	ðejau	tuck-pst	ðejar	ar	PST	1SG	-au	Jo ðejau y pie neðan y port closisceus.	I wedged the door open with my foot.
13133	ðescar	feed-inf	ðescar	ar	INF		-ar	Faç la noc gavir neðan sy soir ðescar.	Making her have fun will only make her sadder.
27253	ðescar	bait-inf	ðescar	ar	INF		-ar	Caye gimmolt lasdr a y smoutour ðescar.	It was a pathetic attempt to egg on the riots.
16857	ðescant	feed-p.prs	ðescar	ar	PRS.PTCP		-ant	Cay l'oç muncef un amaçgat ðescant vars huyaç.	That district is a hotspot of mob activity.
25166	abhoir	abhor	abhorrir	ir1	PRS	1SG	~ir	J'abhoir cont de heros saluberrem.	I despise tales of virtuous heroes.
19592	abrange	include-ipf	abrangir	ir1	IPFV	?	-e	Y pascman abrange zaquesc e desc assovent y dou.	The eatery had both snacks and full meals.
27818	abseïr	be.absent-inf	abseïr	ir1	INF		-ïr	Val y signal ou "Abseïr Jug" ben "Skig Acceir"?	Should the sign say "Keep Out" or "No Entry"?
16253	abseïð	be.absent-p.pst	abseïr	ir1	PST.PTCP		-ïð	Oc abseïð, jo sau tout a teir cas tey	Excluding that, I know everything there is to be had when it comes to you
20016	addoceu	inform-pst	addocir	ir1	PST	1SG	-eu	J'addoceu my sour d'ig j'er grabattour parsiscent.	I told my sister I was training to be a paramedic.
19334	addoit	inform-p.pst	addocir	ir1	PST.PTCP		~it	Par y sobot coum nos addoit dy cainç.	We heard the news on the radio.
16467	agir	act-inf	agir	ir1	INF		-ir	Mell'amig lou narreyau vars agir temerer.	My friend goaded them into acting rashly.
19842	asseïr	sit-inf	asseïr	ir1	INF		-ïr	L'exedr n'a alcun vivirc por asseïr.	The waiting room has nowhere to sit.
12029	asseye	sit-ipf	asseïr	ir1	IPFV	?	-ye	L'ivan asseye sur y ranscel dell'orn.	The child was sat on the rowan's branch.
19419	asseye	sit-ipf	asseïr	ir1	IPFV	1SG	-ye	J'asseye n'oc hour fin a tandem alandau my convey.	I sat for a bit until my train came at last.
22647	asseyau	sit-ipf.1p	asseïr	ir1	IPFV	1PL	-yau	Nos s'asseyau tras port e conteyau assuvar.	We sat outside and counted shooting stars.
18480	asseyent	sit-p.prs	asseïr	ir1	PRS.PTCP		-yent	Le'r asseyent eð un aujon survolant.	He was sat leafing through a magazine.
19592	assovent	sate-p.prs	assovir	ir1	PRS.PTCP		-ent	Y pascman abrange zaquesc e desc assovent y dou.	The eatery had both snacks and full meals.
16232	attost	roast.p.pst	attorrir	ir1	PST.PTCP		~st	E tu brouc y ðeu an pol ig attost prestabr	And you enjoy the thighs of a well-roasted chicken
7757	calmau	not.move-pst	calm	ir1	PST	1SG	-lmau	A fin ig tu caif y livr teyon rovað, jo calmau ag varous fin all'augtanç.	So you'd get the book you wanted, I stayed at the shop until it arrived.
13484	cogleu	gather-pst	coglir	ir1	PST	1SG	-eu	Jo cogleu y quesq y maðuressem dy ranscel.	I picked the ripest damson on the branch.
29689	cogleu	gather-pst	coglir	ir1	PST	1SG	-eu	Jo cogleu l'aujon des y tabr mogn.	I picked the mag up off the low table.
20608	condoceu	train-1p	condocir	ir1	PRS	1PL	-eu	Surcay nos condoceu an çoir parey.	It turns out we go to the same gym.
16384	conemir	shop-inf	conemir	ir1	INF		-ir	Nos som gran sviðour a conemir cas sar.	We're big fans of online shopping.
21124	contene	contain-ipf	contenir	ir1	IPFV	?	-e	Jo save l'oc caum contene un fardig d'aloud.	I knew this piece contained a lute solo.
21729	contenent	contain-p.prs	contenir	ir1	PRS.PTCP		-ent	J'ay gaheç vleutað calun my vestið contenent.	I've forgotten which locker my clothes are in.
14297	corrir	run-inf	corrir	ir1	INF		-ir	Com voum nos se corrir pall'oc glonscel?	How will we get out of this mess?
17221	corrau	run-ipf-1p	corrir	ir1	IPFV	1PL	-au	"Cay zar!" dis jo cant corrau nos.	"It's not a game!" I said as we ran.
19576	covart	cover.p.pst	covrir	ir1	PST.PTCP		~art	Ðe son se rajognent sou teneur covart pieç semman.	They have been meeting in secret for a few weeks.
27468	deleu	delete-pst	delir	ir1	PST	?	-eu	Y bourg deleu l'oc hoðic ne souc d'un courstray.	The town fired this councillor due to an affair.
19132	denir	become-inf	denir	ir1	INF		-ir	Jo's stuðant vars theorist soustançal denir.	I'm studying to be a materials scientist.
20302	denoy	become-pst	denir	ir1	PST	?	-oy	Noc imprefait es ig tell'heir denoy sleut.	I'm not surprised your son's a politician.
19491	descovart	discover.p.pst	descovrir	ir1	PST.PTCP		~art	Cayen orðenjanç theoretic plusour descovart par bonaventur.	Many scientific inventions were discovered by chance.
23362	derra	must-fut	deïr	ir1	FUT	?	-rra	L'Agathin a Ðar derra nis prestar ag stoccad cas piver.	The Farms Minister must consider the livestock lobby.
16238	dorme	sleep-ipf	dormir	ir1	IPFV	2SG	-e	E fin a tu aus doç tu dorme sou lumner, neðan Bon Jesu volois smargr des vogt dy foscur e lor raug te cavir por ty maðr noc aïðar con sy maðr	And until you were twelve you'd sleep in the light, so that Jesus wouldn't come out from the pitch dark and then get angry with you for not helping your mum with her mum
20593	dormið	sleep-p.pst	dormir	ir1	PST.PTCP		-ið	Ðe ayen heu lastumnesc, com ig ðe n'ayen for pog dormið.	They looked haggard, as though they hadn't slept much.
17074	eluïr	elude-inf	eluïr	ir1	INF		-ïr	Nos stou desveyar por y tragres eluïr.	We'll detour to avoid the parade.
15787	erreut	rescue-p.pst	errevir	ir1	PST.PTCP		~ut	M'orruð ðe ain l'oc sorty erreut cos pernix.	I think they really turned this party around.
7160	harmonen	align-impf.3p	harmonir	ir1	IPFV	3PL	-en	Y sodal all'oc roncaf mortal harmonen noc.	The pieces of this murder mystery didn't fit together.
23934	horre	fear-imp	horrir	ir1	IPFV	1SG	-e	Jo horre sona luïr de paon ne Paçongr.	I was worried that I didn't fit in at all.
26931	intermandra	comprise-ft	intermanir	ir1	FUT	?	-dra	L'oc alleyanç intermandra bastegl contr Pologn.	This alliance will be a bulwark against Poland.
6966	intermanir	constitute-inf	intermanir	ir1	INF		-ir	Cal porra balanç intermanir ag tramou ny porçonment?	How will we make up for the budget shortfall?
19476	intermane	amount.to-ipf	intermanir	ir1	IPFV	?	-e	Intermane pegntur d'un joun doncel eð un guy.	It was a painting of a young girl and a guinea pig.
25928	intermane	compose-ipf	intermanir	ir1	IPFV	?	-e	Frastr intermane y nuivr dy hax.	The axe handle was made of ash.
29006	intermane	compose-imp	intermanir	ir1	IPFV	3SG	-e	L'intermane un cug de sy caldour corpore.	It was a decrease in her body temperature.
7442	intermanent	constitute-ptcp.prs	intermanir	ir1	PRS.PTCP		-ent	Haucetr e corf le parlocn, symbol auspecer intermanent.	The hawks and ravens around him are symbols of prophecy.
18228	morir	die-inf	morir	ir1	INF		-ir	Descon luy noc y fraðr vel morir all'outrcaum dy stoir.	Don't tell her the brother dies at the climax of the story.
16482	ortellent	sneak-p.prs	ortellir	ir1	PRS.PTCP		-ent	J'eu sauf a lou sveilar n'ortellent atras.	I nearly woke them up as I snuck past.
21028	ovrir	open-inf	ovrir	ir1	INF		-ir	Sell'osceyan vil y cæros nos ovrir de lembic gostar.	Her birthday will give us the chance to try alcohol.
6912	ovroy	open-pst	ovrir	ir1	PST	?	-oy	L'aðendr a tarm vec forn eið doutr posc y rout novel ovroy.	The bus stops' schedules were obsoleted by the new road.
18947	ovroy	open-pst	ovrir	ir1	PST	3SG	-oy	Ant heu ðonc l'ovroy y valigs.	With a wry look he opened the case.
24905	parceveus	perceive-ipf.sbj	parcevir	ir1	IPFV.SBJV	?	-eus	Orruð ig alcun hom parceveus y catastroph ahoy.	No-one seemed to notice the imminent disaster.
24241	parceveu	notice-pst	parcevir	ir1	PST	1SG	-eu	Jo parceveu my cigl er se portant cos harif.	I noticed my beau was acting weird.
19680	parcorrent	rehearse-p.prs	parcorrir	ir1	PRS.PTCP		-ent	Nos erau y fabr parcorrent set hour.	We'd been rehearsing for seven hours.
30746	parcorrent	scan-p.prs	parcorrir	ir1	PRS.PTCP		-ent	Y dottr dy marchis er sy scrim parcorrent.	The marquess's daughter did fencing practice.
31190	parmane	persist-ipf	parmanir	ir1	IPFV	?	-e	Y vasir parmane a influyenç accomblar.	The vizier continued accruing influence.
28116	parman	persist	parmanir	ir1	PRS	3SG	-ø	Voðant cos illogic ig tu parman	Illogically vowing that you are still here
12046	parmanent	keep-p.prs	parmanir	ir1	PRS.PTCP		-ent	Y scuir dau un soçavau losc ne parmanent a pie.	The boy muttered a rude remark and kept walking.
24670	parmanoy	continue-pst	parmanir	ir1	PST	1SG	-oy	Jo parmanoy a hoissar, y glouç seponent.	I kept playing, ignoring the giggles.
30107	peðeu	ask-pst	peðir	ir1	PST	3SG	-eu	La peðeu a sabler reuvr dy scitaçon.	She asked to resit the exam.
13519	receveurn	receive-pst.3p	recevir	ir1	PST	3PL	-eurn	Banc redirigent machinal receveurn magn aversion.	Automated redirection banks were met with significant opposition.
31941	receveum	receive-pst-1p	recevir	ir1	PST	1PL	-eum	Nos receveum noc y bon sunt a moneð des y nombler.	The banker didn't give us the right amount of money.
13519	redirigent	redirect-p.prs	redirigir	ir1	PRS.PTCP		-ent	Banc redirigent machinal receveurn magn aversion.	Automated redirection banks were met with significant opposition.
9115	remanir	stay-inf	remanir	ir1	INF		-ir	Vos gimmoloist a remanir ne cognit.	You worked hard to keep your covers.
17554	remanen	remain-ipf-3p	remanir	ir1	IPFV	3PL	-en	Remanen ceu alcun toscivr ag platabac.	There were hardly any sandwiches left on the buffet table.
6996	remainn	stay-3p	remanir	ir1	PRS	3PL	~inn	Cascif parmist vos coroncr remainn e lou blasmaust noc?	Why did you permit pretenders to remain without censure?
29759	salir	leave-ipf	salir	ir1	IPFV	?	-ir	La's attenent a caffay salir lon mensc.	She's trying to quit coffee cold turkey.
15161	salað	dismount-2p.sbj	salir	ir1	SBJV	2PL	-að	Salað y vec ag hal sdroy.	Get off the bus at the depot.
18054	sart	serve.p.pst	sarvir	ir1	PST.PTCP		~t	Scey vigt vecin sart all'oc pascman.	This restaurant serves local food.
28036	scouðir	rescue-inf	scouðir	ir1	INF		-ir	Jo reu sabler a tug te scouðir	I'd turn back time because I long to save you
9336	sente	fell-ipf	sentir	ir1	IPFV	1SG	-e	Jo sente magn voluð ne jubon de cogr.	I felt very sexy wearing a leather doublet.
12380	sortir	go.out-inf	sortir	ir1	INF		-ir	Nos venau de retornar posc sortir ag vousc.	We had just got back from a tryst together.
12843	sortir	go.out-inf	sortir	ir1	INF		-ir	Y dou tarnaç laundaurn ne sortir.	The two regulars stumbled as they left.
19019	sorteu	go.out-pst	sortir	ir1	PST	?	-eu	My gramma sorteu un boist plen de crochet.	My gran brought out a full tin of biscuits.
14795	sortið	go.out-p.pst	sortir	ir1	PST.PTCP		-ið	J'er nuvr sortið cant cou roçon.	I'd just left when it started drizzling.
9921	soumonir	remind-inf	soumonir	ir1	INF		-ir	Vel my tarsc d'acat me soumonir posc nossell'yenç.	Please remind me of my shopping list when we arrive.
26806	soureyeu	smile-pst	soureïr	ir1	PST	?	-yeu	La tenoy sy veðrdon n'oc ort e soureyeu.	She held up her trophy and grinned.
13579	souseyeu	settle-pst	souseïr	ir1	PST	?	-yeu	L'agent dy Majon Roug souseyeu l'oç scard commoðer.	The Red House agent dealt with that resistance group.
23772	stoura	necessary-fut	stovir	ir1	FUT	?	~ura	Me stoura Janvier passar con gent rustr.	I'll have to spend January among rustics.
22877	stou	needed	stovir	ir1	PRS	1SG	~u	Nos stou la javigar des caucet.	We must leave no stone unturned.
14970	teissent	weave-p.prs	teissir	ir1	PRS.PTCP		-ent	Cal mocry son ðe teissent oy?	What nonsense are they spouting now?
18123	teissuð	weave-p.pst	teissir	ir1	PST.PTCP		-uð	My sour ignoy vondrous alcot sta y pegl meyon luy teissuð.	My sister kindly overlooked how ugly the hat I knitted her was.
26742	tendra	hold-fut	tenir	ir1	FUT	?	-dra	Cu tendra nis ac?	Whose fault is it?
26581	tenir	hold-inf	tenir	ir1	INF		-ir	Orruð le crey poðir sy mensc eð y mansc tenir.	He seems to think he can have it both ways.
26806	tenoy	hold-pst	tenir	ir1	PST	3SG	-oy	La tenoy sy veðrdon n'oc ort e soureyeu.	She held up her trophy and grinned.
24992	tenau	hold-1p.sbj	tenir	ir1	SBJV	1PL	-au	Or bon, tenau a lo javigar.	Alright, let's keep searching.
23432	tost	roast.p.pst	tostir	ir1	PST.PTCP		-ø	Gehennant ig nos ayau porc errevour tost y dou por y fest.	Embrassingly we'd both made pork redeemer for the feast.
9616	traseu	cross-pst	trasir	ir1	PST	1SG	-eu	Jo traseu y cogn un rað illabond portant.	I went round the corner carrying a fold-up bike.
20523	trassonnau	transition-pst	trasir	ir1	PST	?	-sonnau	Y baðrment trassonnau an bercellot desbiacq.	The ensemble shifted to a swung ballad.
27872	vardið	keep-p.pst	vardir	ir1	PST.PTCP		-ið	L'a echo vardið ny sdroyet por reðrtien.	She's got backup copies on the drive.
13796	aplattiscent	flatten-p.prs	aplattir	ir2	PRS.PTCP		-iscent	Y reloðeç ag tarner sta aplattiscent.	The host's gentility was irritating.
15144	bannið	ban-p.pst	bannir	ir2	PST.PTCP		-ið	Lorry haubrojoranç er speut bannið.	Their advertisement was swiftly banned.
28293	beyollir	set-inf	beyollir	ir2	INF		-ir	Veleð l'oc smaraut beyollir ne my çondr.	Please set this emerald into my pendant.
27168	bondisceu	bound-pst	bondir	ir2	PST	?	-isceu	Y çarf bondisceu tras un reu mormonnant.	The stag leapt over a babbling brook.
30449	cambir	change-inf	cambir	ir2	INF		-ir	Ðe son cuidant vars tostrman cambir.	They're thinking of changing barber.
27341	closisceus	close-ipf.sbj	closir	ir2	IPFV.SBJV	?	-isceus	Jo ðejau y pie neðan y port closisceus.	I wedged the door open with my foot.
11123	closið	close-p.pst	closir	ir2	PST.PTCP		-ið	Com suðel eu nos y fenestr zachettað ne closið.	As a hack we've glued the windows shut.
28869	complir	achieve-inf	complir	ir2	INF		-ir	Jo save noc ou poðir un dos may de gouth complir.	I didn't know if I could do another set of pushups.
22741	congenið	beget-p.pst	congenir	ir2	PST.PTCP		-ið	Y parol 'sauð' e 'veð' son congenið de Veðr Norresc.	The words 'ewe' and 'ram' descend from Old Norrish.
18383	covauclir	cover-inf	covauclir	ir2	INF		-ir	Veleð y luam covauclir pre exeunt fair.	Please put the toilet lid down before leaving.
14012	dehiscn	split-3p	dehir	ir2	PRS	3PL	-iscn	Nos se ponau voud a sy vellisqment dehiscn.	We looked forward to his plans falling apart.
26043	divertið	distract-p.pst	divertir	ir2	PST.PTCP		-ið	Din noc divertið par gevrment.	Don't be distracted by minutiae.
10950	emplið	fill-pt.pst	emplir	ir2	PST	1SG	-ið	N'y tarsc nascenç recevent fo jo emplið con baury.	I was filled with panic when I got the birthday card.
29945	enhautiscent	boost-p.prs	enhautir	ir2	PRS.PTCP		-iscent	Pharmac foncçon enhautiscent son valent nell'oc cors.	This competition allows performance-enhancing drugs.
20033	extollir	upgrade-inf	extollir	ir2	INF		-ir	Jo's cuidant cos nuvr a my dois extollir.	I've been meaning to upgrade my phone.
26373	extolliðessem	promote-p.pst-cmp	extollir	ir2	PST.PTCP		-iðessem	Jo vil te rannuðar an ensign extolliðessem.	I will recommend you for a higher position.
29562	famiscent	starve-p.prs	famir	ir2	PRS.PTCP		-iscent	Y soldart encromnn mansc com louf famiscent.	The soldiers scarf food like starving wolves.
30019	faïsce	prefer-ipf	faïr	ir2	IPFV	1SG	-ïsce	Jo faïsce l'azig original sull'ec rebateyað.	I preferred the shoes before the rebrand.
8249	finisceu	finish-pst	finir	ir2	PST	?	-isceu	Pre finisceu y belem, trey hom ancour forn mort.	By the end of the scene three more people were dead.
9501	forniscent	provide-ptcp.prs	fornir	ir2	PRS.PTCP		-iscent	"Inacavabr es soup a kigmau pascr con digntað, donc nel attendr," avars la, l'oc Laum forniscent de pudour dec le n'aye ja *stað* attenent.	"It's impossible to eat lardon soup with dignity, so please don't try," she remarked, which was embarrassing because Will hadn't *been* trying.
24801	gapiscent	pop.up-p.prs	gapir	ir2	PRS.PTCP		-iscent	L'oç astuçour es gapiscent par toð y lasc.	That mentor keeps turning up in the movie.
32174	immoðiscent	mire-p.prs	immoðir	ir2	PRS.PTCP		-iscent	Jo vis y behemoth immoðiscent par un illabond.	I saw the wallowing hippo through the spyglass.
29088	incombir	befit-inf	incombir	ir2	INF		-ir	Jo dout ouð y quil çaveyour vel lou incombir.	I doubt life on easy street would suit them.
25584	incombisce	behove-ipf	incombir	ir2	IPFV	?	-isce	T'incombisce te leyar tostessem.	You should have got up earlier.
10714	jamiscað	complain-sbj.2p	jamir	ir2	SBJV	2PL	-iscað	Jamiscað plu, casc hom!	Stop complaining, everyone!
23934	luïr	play-inf	luïr	ir2	INF		-ïr	Jo horre sona luïr de paon ne Paçongr.	I was worried that I didn't fit in at all.
12016	luïsceu	play-1p	luïr	ir2	PRS	1PL	-ïsceu	Nos luïsceu primer nell'orn.	We're first on in the programme.
18495	luïsceum	play-pst-1p	luïr	ir2	PST	1PL	-ïsceum	Lor luïsceum nos caugtrbal jos y loub.	Then we played football near the shops.
17258	luïscent	play-p.pst	luïr	ir2	PST.PTCP		-ïscent	My commission hander no's bogr luïscent all'occijon.	My sex life has nothing to do with the murder.
18648	molir	try-inf	molir	ir2	INF		-ir	Jo vil molir an requïçon idoneyessem de my caf d'an posc.	I'll ask my boss for a more convenenient weekend next year.
31563	moliscau	strive-ipf.1p	molir	ir2	IPFV	1PL	-iscau	Nos moliscau a y bau nosthybrist noc scoutar.	We strove not to listen to the jingoist chanting.
30466	nancið	contract-p.pst	nancir	ir2	PST.PTCP		-ið	Sell'heir a sculd demay nancið.	Her son's incurred too much debt.
32277	obsequïr	indulge-inf	obsequïr	ir2	INF		-ïr	Jo neya pacentar aðief por y duc obsequïr.	I lacked the patience to indulge the duke.
31478	parisce	seem-ipf	parir	ir2	IPFV	?	-isce	Sy femn parisce pedestr contr y pylon ny gardin.	Her wife seemed unfazed by the portal in the garden.
15360	parsiscen	learn-imp.3p	parsir	ir2	IPFV	3PL	-iscen	Y stuðant parsiscen comoscon ronç monfiar.	The students learnt how to multiply fractions.
28712	parsiscent	study-p.prs	parsir	ir2	PRS.PTCP		-iscent	Certan dy niveu catr son y scaunç de melodram parsiscent.	Some in the fourth set are learning musical scriptwriting.
9517	parsisceum	learn-pst.1p	parsir	ir2	PST	1PL	-isceum	Nos parsisceum sull'yevot d'œculux.	We learnt about the electromagnetic spectrum.
9540	parsisceu	learn-pst	parsir	ir2	PST	2SG	-isceu	Cal bourg parsisceu tu dessur?	Which town did you learn about?
20016	parsiscent	study-p.pst	parsir	ir2	PST.PTCP		-iscent	J'addoceu my sour d'ig j'er grabattour parsiscent.	I told my sister I was training to be a paramedic.
16368	quïsceu	turn.off-pst	quïr	ir2	PST	?	-ïsceu	Y lamp se quïsceu, y coloir augtant ne vogt dy foscur.	The light went out, plunging the hall into darkness.
30209	reapparir	reappear-inf	reapparir	ir2	INF		-ir	Jo's creint n'aglon ig sy fraðr vel reapparir.	I'm holding out hope that her brother turns up.
23317	rebondir	rebound-inf	rebondir	ir2	INF		-ir	Sell'ec gest volen rebondir cos incommorant.	His acts would have immediate consequences.
24297	sclarisceu	flash-pst	sclarir	ir2	PST	?	-isceu	Un min d'affr sclarisceu sur y justicer.	Fear flashed across the judge's face.
28063	sperovir	vanish-inf	sperovir	ir2	INF		-ir	Faç toð eromn sperovir	Would make all hardships vanish
7225	sperisceurn	disappear-pst-3p	sperovir	ir2	PST	3PL	~isceurn	Nos n'eu sgart for mozað sull'enigma l'ig y smaraut sperisceurn.	Our understanding of the mystery of the vanishing emeralds is fragmentary.
31276	splendisce	shine-ipf	splendir	ir2	IPFV	?	-isce	Y sol yemal splendisce con for un lumner bleic.	The winter sun shone with a washed-out light.
25784	stendiscent	stretch-p.prs	stendir	ir2	PRS.PTCP		-iscent	Smars sta un cont mesaventoresq e stendiscent.	What emerged was an overlong, farcical tale.
15235	stoniscent	stun-p.prs	stonir	ir2	PRS.PTCP		-iscent	Ðe aun heu equal cos stoniscent, ða meðes jammel.	They look astonishingly similar, even for twins.
28512	tanniscen	set-ipf.3p	tannir	ir2	IPFV	3PL	-iscen	Gent tanniscen gles par mejan d'yedic.	People used to set dyes using vinegar.
29406	tanniscað	preserve-2p.sbj	tannir	ir2	SBJV	2PL	-iscað	Tanniscað casc ugnlac sou yedic.	Pickle all the onions in vinegar.
12709	tardir	slow-inf	tardir	ir2	INF		-ir	Sy coðelostað er ençant a nos tardir.	His caution was starting to slow us down.
7540	voltisceurn	spin-pst.3p	voltir	ir2	PST	3PL	-isceurn	Ðe voltisceurn nell'askouð irront, tragç carnt.	They lingered in the cracked vault, looking for clues.
18963	acceir	assent-inf	acceir	r	INF		-r	Jo luy hortaminau acceir all'empley.	I urged him to accept the job.
27818	acceir	access-inf	acceir	r	INF		-r	Val y signal ou "Abseïr Jug" ben "Skig Acceir"?	Should the sign say "Keep Out" or "No Entry"?
26026	accenen	light-ipf-3p	accendr	r	IPFV	3PL	~en	Lamp a jom e smaraut accenen y pladisc.	Deep blue and emerald lights lit the bar.
7796	accendað	light.up-ptcp.pst	accendr	r	PST.PTCP		-að	Jarry accendað dan aer cordial ag salon.	Pottery lamps gave the parlour a welcoming feel.
26725	accommettr	undertake-inf	accommettr	r	INF		-r	Vos vouð uncos special accommettr por y gaviscenç ou?	Are you going to do anything special for the festivities?
17412	accommis	undertake-p.pst	accommettr	r	PST.PTCP		~is	Oc voscon accommis va contr y scagl a natur.	What you've done is against the natural order of things.
8589	acconnoscr	meet-inf	acconnoscr	r	INF		-r	Nos creim vos desfayað y morrig goðamer acconnoscr.	We believe you'd prefer not to meet our bigoted aunt.
21533	admet	admit	admettr	r	PRS	1SG	-ø	J'admet ig no scey l'augrim a nacleu ne sce de mey.	I admit differential calculus isn't in my wheelhouse.
7613	affighað	append-2p.sbj	affigr	r	SBJV	2PL	-hað	No se poð ig vos affighað scorç dalassin demay.	You cannot have added too much cinnamon.
27969	ascreir	assign-inf	ascreir	r	INF		-r	Y lat de dou ascreir quocent produg irruniscabiltað.	Supposing √2 is rational leads to a contradiction.
12189	assistr	attend-inf	assistr	r	INF		-r	Me valois noc y fabr assistr con my maðr.	I shouldn't have seen the play with my mother.
21909	assisten	attend-ipf-3p	assistr	r	IPFV	3PL	-en	Y stuðant infruniscent assisten y leiçoir.	The bored students were at the lecture.
32385	assistuð	attend-p.pst	assistr	r	PST.PTCP		-uð	Nos n'ayau jamay nuçal tan magnfayent assistuð.	We'd never attended such a magnificent wedding.
9501	attendr	try-inf	attendr	r	INF		-r	"Inacavabr es soup a kigmau pascr con digntað, donc nel attendr," avars la, l'oc Laum forniscent de pudour dec le n'aye ja *stað* attenent.	"It's impossible to eat lardon soup with dignity, so please don't try," she remarked, which was embarrassing because Will hadn't *been* trying.
9501	attenent	try-ptcp.prs	attendr	r	PRS.PTCP		~ent	"Inacavabr es soup a kigmau pascr con digntað, donc nel attendr," avars la, l'oc Laum forniscent de pudour dec le n'aye ja *stað* attenent.	"It's impossible to eat lardon soup with dignity, so please don't try," she remarked, which was embarrassing because Will hadn't *been* trying.
29759	attenent	try-p.prs	attendr	r	PRS.PTCP		~ent	La's attenent a caffay salir lon mensc.	She's trying to quit coffee cold turkey.
22705	attenoy	wait-pst	attendr	r	PST	1SG	~oy	J'attenoy cos infruniscent tandic y grimmour cave yert.	I waited impatiently while the computer booted up.
28642	attenað	wait-2p.sbj	attendr	r	SBJV	2PL	~að	Attenað y zachet vel quaglar oç noit.	Wait for the glue to set overnight.
9905	attriboit	set.aside-ptcp.pst	attriboir	r	PST.PTCP		-t	Nos raðaum tras quaðeglad lonc camin attriboit.	We biked across campus along designated lanes.
10284	avartr	warn-inf	avartr	r	INF		-r	Taçað neðan y madarc avartr!	Shut up or you'll alert the cops!
9501	avars	remark.pst	avartr	r	PST	3SG	~s	"Inacavabr es soup a kigmau pascr con digntað, donc nel attendr," avars la, l'oc Laum forniscent de pudour dec le n'aye ja *stað* attenent.	"It's impossible to eat lardon soup with dignity, so please don't try," she remarked, which was embarrassing because Will hadn't *been* trying.
7416	beint	drink-ptcp.prs	beir	r	PRS.PTCP		-nt	Nos sereu tout brogmoð beint e tort dell'ivan pascent.	We'll all be drinking mead and eating Christmas pie.
9210	beint	drink-ptcp.prs	beir	r	PRS.PTCP		-nt	Jo so l'oc beint por my dolour youdar.	I'm drinking this to numb the pain.
25631	car-r	seek-inf	carr	r	INF		--r	yem-m grin-n car-r	The letter ‹ ð › is pronounced /θ/ word-finally and /ð/ otherwise; the letter ‹ x › regularly denotes the phoneme sequence /ks/.
12863	care	seek-ipf	carr	r	IPFV	1SG	-e	Cant scandr jo care garaf idone.	As I climbed I looked for convenient handholds.
7540	carnt	seek-ptcp.prs	carr	r	PRS.PTCP		-nt	Ðe voltisceurn nell'askouð irront, tragç carnt.	They lingered in the cracked vault, looking for clues.
16152	carnt	seek-p.prs	carr	r	PRS.PTCP		-nt	Nos erau flannant lonc y rif, ig carnt yon beller acatar.	We were walking down the strand, looking to buy sweets.
16030	commettr	commit-inf	commettr	r	INF		-r	Orruð l'occijon commettr con pujoncr jagottað.	It seems the murderer used a serrated dagger.
12619	comprene	understand-ipf	comprendr	r	IPFV	1SG	~e	Jo comprene noc sceye pallort ny farrago.	I didn't realise the hash would have mussels in.
7386	costroir	build-inf	costroir	r	INF		-r	Ðe ern armað a pont costroir enter ne far jout.	They were tasked with building a bridge of cast iron alone.
19765	costroint	build-p.prs	costroir	r	PRS.PTCP		-nt	Ðe son y trave costroint toð y jorn.	They've been doing the jigsaw all day.
8047	costroit	build-ptcp.pst	costroir	r	PST.PTCP		-t	My fraðr dessoclau y castel blader meyon costroit.	My brother knocked over the house of cards I built.
28021	creye	believe-ipf	creir	r	IPFV	1SG	~ye	Ða jo creye ne vuscar	If I believed in wishing
28041	creye	believe-ipf	creir	r	IPFV	1SG	~ye	Ða jo creye ne sogn	If I believed in dreams
28048	creye	believe-ipf	creir	r	IPFV	1SG	~ye	Ða jo creye n'envoccar	If I believed in doing magic
28053	creye	believe-ipf	creir	r	IPFV	1SG	~ye	Ða jo creye ne bon	If I believed in good
28068	creye	believe-ipf	creir	r	IPFV	1SG	~ye	Ða jo creye n'aglon	If I believed anything else was possible
28153	creye	believe-ipf	creir	r	IPFV	2SG	~ye	Ða tu creye ne mey	If you believed in me
8589	creim	believe-1p	creir	r	PRS	1PL	-m	Nos creim vos desfayað y morrig goðamer acconnoscr.	We believe you'd prefer not to meet our bigoted aunt.
17343	creim	believe-1p	creir	r	PRS	1PL	-m	Nos creim y droug terraun dessur de murðon pavar.	We think the contributions will total over ten thousand pavar.
26581	crey	believe	creir	r	PRS	3SG	~y	Orruð le crey poðir sy mensc eð y mansc tenir.	He seems to think he can have it both ways.
28128	crey	believe	creir	r	PRS	1SG	~y	Lor ða jo crey ne vuscar	So if I believe in wishing
30209	creint	believe-p.prs	creir	r	PRS.PTCP		-nt	Jo's creint n'aglon ig sy fraðr vel reapparir.	I'm holding out hope that her brother turns up.
21302	descene	go.down	descendr	r	PRS	3SG	~e	Le laundau cant le descene des y carrot.	He tripped as he got out of the carriage.
24482	descenoirn	go.down-pst-3p	descendr	r	PST	3PL	~oirn	Soldart vessonnað descenoirn des y camul.	Soldiers in uniform spilled out of the jeep.
23496	desmettað	fire-imp.2p	desmettr	r	IPFV	2PL	-að	Desmettað noc y sontiçtað de nossell'entrpris!	Don't fire the backbone of our company!
32064	despardað	waste-imp	despardr	r	IPFV	?	-að	Soul issaugheð y paðel; despardað noc y savon.	Just rinse the dishes; don't waste the soap.
28358	despondr	set-inf	despondr	r	INF		-r	Me storra le vin y tabr despondr pre nos pascau.	I need him to come and set the table before we eat.
31959	despondr	set-inf	despondr	r	INF		-r	Sy fraðr voun y tapeç sur y vason despondr con y trenchet.	Her brothers will set out the picnic on the mat on the lawn.
13713	dijarr	cope.with-inf	dijarr	r	INF		-r	Nos eu vitagl aðief por un meis dijarr.	We have enough supplies for a month.
20412	dijarnt	cope-p.prs	dijarr	r	PRS.PTCP		-nt	Com soð vos tout dijarnt a mesur dell'ec asc inoïð?	How are you faring in these unprecedented times?
7108	disceint	be.missing-ptcp.prs	disceir	r	PRS.PTCP		-nt	Hour alcot son ty cosvour disceint?	How long have your cousins been missing?
18002	egreye	disembark-ipf	egreir	r	IPFV	?	~ye	Y quallour egreye des y convey posc catr lau.	The passenger left the train after eight miles.
20979	enfugr	flee-inf	enfugr	r	INF		-r	Nos eum enfugr pront la nos fom soccos destr.	We had to run as soon as we were rumbled.
8791	enfugheu	run.away-pst	enfugr	r	PST	1SG	-heu	Gam sgarant me cof donc j'enfugheu.	Wanderlust called me and so I ran away.
27952	entrjeirn	interpose.pst-3p	entrjair	r	PST	3PL	~eirn	Dou alumn pagl ny preu rig s'entrjeirn.	Two blond schoolkids at the front piped up.
12398	fair	make-inf	fair	r	INF		-r	Bosc d'ollem sarf a bog fair.	Elm wood is used to make bows.
13244	faint	make-p.prs	fair	r	PRS.PTCP		-nt	Taus gran alcot es y molin rouð faint la?	At what rate does the factory make wheels?
25946	figr	put-inf	figr	r	INF		-r	Val l'oc ollom se figr n'un reliquat.	This relic should be in a museum.
13912	fon	spill	fondr	r	PRS	1SG	~	Jo fon got ag mar cay dou meis.	I've got nothing done for two months.
9115	gimmoloist	toil-pst.2p	gimmoldr	r	PST	2PL	~oist	Vos gimmoloist a remanir ne cognit.	You worked hard to keep your covers.
17621	grindr	date-inf	grindr	r	INF		-r	Alcheðr my paðr ençau a grindr n'Avril.	My dad's been dating again since April.
29671	grindr	grade-inf	grindr	r	INF		-r	Me stove y vajot eð y time grindr.	I had to weigh the pros and cons.
25631	grin-n	judge-3p	grindr	r	PRS	3PL	~-n	yem-m grin-n car-r	The letter ‹ ð › is pronounced /θ/ word-finally and /ð/ otherwise; the letter ‹ x › regularly denotes the phoneme sequence /ks/.
21713	ignoscr	overlook-inf	ignoscr	r	INF		-r	D'alcun sunt a effum vil toð gent vossy launt ignoscr.	No amount of bluster will overshadow your faux pas.
18123	ignoy	forgive.pst	ignoscr	r	PST	?	~y	My sour ignoy vondrous alcot sta y pegl meyon luy teissuð.	My sister kindly overlooked how ugly the hat I knitted her was.
27801	ignoy	forgo.pst	ignoscr	r	PST	1SG	~y	J'ignoy hayennaç assignar, ma farau.	I forgot to set homework, no big deal.
28851	ignoist	forgo.pst-2p	ignoscr	r	PST	2PL	~ist	Vos ignoist y mojol uscar ag contað de settoç.	You neglected to set the variable to seventeen.
19929	indugs	induce.pst	indugr	r	PST	?	-s	Y torvegl indugs ec mesuranç suprem de veðrvent tras istr.	The storm led to record windspeed measurements nationwide.
23862	instroy	teach	instroir	r	PRS	3SG	~y	Vos saveð ou l'instroy eç stuðant çougr?	Do you know if he has unruly students?
20853	interromois	interrupt-ipf.sbj	interrompr	r	IPFV.SBJV	?	~ois	J'azia ne spien ig un hom interromois my laur d'asn.	I stood, hoping someone would interrupt the tedium.
20243	interromoy	interrupt-pst	interrompr	r	PST	?	~oy	Y sounç de var interromoy eç accommission corrogaçonal.	War breaking out interrupted those infrastructure projects.
23789	interromoirn	interrupt-pst-3p	interrompr	r	PST	3PL	~oirn	Dou madarc interromoirn un bosaç ny routel.	Two cops interrupted a shoutout in the alley.
30846	interront	interrupt.p.pst	interrompr	r	PST.PTCP		~nt	L'accommission se cof interront par y sounç d'enmigtað.	The project was interrupted by the outbreak of hostilities.
7540	irront	break.in-ptcp.pst	irrompr	r	PST.PTCP		~nt	Ðe voltisceurn nell'askouð irront, tragç carnt.	They lingered in the cracked vault, looking for clues.
25148	issarr	use-inf	issarr	r	INF		-r	Cu vel un nom sceint issarr com dob?	Who'd use a real name as a username?
19781	jair	throw-inf	jair	r	INF		-r	Nos veleu soumoin jair a nossy conemour.	We'd like to shout out our patrons.
18088	jaint	cast-p.prs	jair	r	PRS.PTCP		-nt	Tenguð lousc jaint penoirn dell'eç ranscel.	Glittering baubles hung from the branches.
32259	jognau	join-1p.ipf	jogndr	r	IPFV	1PL	~au	Mey eð y maðr jognau l'oç kivougl tras y ralley.	Me and my mum did the jigsaw all afternoon.
23345	leir	read-inf	leir	r	INF		-r	Quippe porra tu noc my grivougl leir.	Of course you can't read my scrawl.
13042	mesveibr	missee-pot	mesveir	r	POT		-br	Luy sceye un min a vabiantað bogr mesveibr.	He wore an unmistakable look of misery.
9704	mesveu	miss-pst	mesveir	r	PST	1SG	~u	Des sovaugr mesveu jo y jainç tauger.	My pride blinded me to the bigger picture.
18399	mettr	put-inf	mettr	r	INF		-r	Alcun hom nil nis mettr ag hayennaç çaf.	No-one will bother doing the extra homework.
12301	mettau	put-1p.sbj	mettr	r	SBJV	1PL	-au	Mettau noc carrug avant naumagl; ja n'eu nos y muncef meðes saut.	Let's not get ahead of ourselves; we haven't even left the borough yet.
13502	occeyeu	kill-pst	occeir	r	PST	?	~yeu	Tag enverimmað con mandrin occeyeu ty quanga.	Your secretary was poisoned with cyanide-laced tea.
8315	pagnt	attach-ptcp.pst	pagndr	r	PST.PTCP		~t	Y gant distr a my gamma ayen un deðal pagnt ig.	My grandma's right glove had a thimble built-in.
14811	pardoirn	lose-pst-3p	pardr	r	PST	3PL	-oirn	Tandem ðe pardoirn nis e fegrn repaðr.	Eventually they gave up and went home.
31258	pardeu	lose-pst	pardr	r	PST	?	-eu	Y greffour encromnau l'ognt e "pardeu" y delt.	The clerk pocketed the bribe and "lost" the file.
29184	pars	lose.p.pst	pardr	r	PST.PTCP		~s	Me soupren ig ja n'ay jo l'ec harvougl pars.	I'm surprised I haven't lost my earbuds yet.
6996	parmist	allow.pst-2p	parmettr	r	PST	2PL	~ist	Cascif parmist vos coroncr remainn e lou blasmaust noc?	Why did you permit pretenders to remain without censure?
9501	pascr	eat-inf	pascr	r	INF		-r	"Inacavabr es soup a kigmau pascr con digntað, donc nel attendr," avars la, l'oc Laum forniscent de pudour dec le n'aye ja *stað* attenent.	"It's impossible to eat lardon soup with dignity, so please don't try," she remarked, which was embarrassing because Will hadn't *been* trying.
12903	pascr	eat-inf	pascr	r	INF		-r	Jo n'ay scið l'ec scoclet epu plu pascr.	I can't stop eating these mini chocolates.
8142	pascau	eat-imp.1p	pascr	r	IPFV	1PL	-au	Sell'amig er l'œcumen sovemblant cant nos pascau.	His friend was sketching the surroundings as we ate.
7416	pascent	eat-ptcp.prs	pascr	r	PRS.PTCP		-ent	Nos sereu tout brogmoð beint e tort dell'ivan pascent.	We'll all be drinking mead and eating Christmas pie.
8612	pascent	eat-ptcp.prs	pascr	r	PRS.PTCP		-ent	Vail l'oç quagl star y quagl pascent?	Should that quail be eating the curds?
25502	pascent	eat-p.prs	pascr	r	PRS.PTCP		-ent	Ðe ern zaquesc visnous a tatover pascent.	They were eating knobbly potato snacks.
28358	pascau	eat-1p.sbj	pascr	r	SBJV	1PL	-au	Me storra le vin y tabr despondr pre nos pascau.	I need him to come and set the table before we eat.
14986	penoy	hang-pst	pendr	r	PST	?	~oy	Ag port penoy sign scaunt 'Abseïr Jug'.	The sign on the door read 'Keep Out'.
18088	penoirn	hang-pst-3p	pendr	r	PST	3PL	~oirn	Tenguð lousc jaint penoirn dell'eç ranscel.	Glittering baubles hung from the branches.
16562	pent	hang.p.pst	pendr	r	PST.PTCP		~t	Casc ouvr pent all'eç mur stan vondrous.	All the wall-hung paintings were hideous.
16046	plagra	please-fut.3s	plagr	r	FUT	3SG	-ra	L'emendanç ottem plagra alcun hom.	The best solution will please nobody.
19036	pretenm	plan-1p	pretendr	r	PRS	1PL	~m	Nos pretenm ig casc nou muncef ain nux.	We plan to have a hub in each new town.
24976	prevein	foresee-3p	preveir	r	PRS	3PL	-n	Theorist prevein un collijon par sax d'an 2026.	Scientists predict an asteroid impact in 2026.
32028	rajognareu	meet.up-ft-1p	rajogndr	r	FUT	1PL	~areu	Nos rajognareu all'ec ðourxon prell'ort sol.	We'll meet at the dolmen before sunrise.
19576	rajognent	meet-p.prs	rajogndr	r	PRS.PTCP		~ent	Ðe son se rajognent sou teneur covart pieç semman.	They have been meeting in secret for a few weeks.
8754	recas	require-ptcp.pst	recarr	r	PST.PTCP		~s	Sbolognment sera toll'ec kynous cavir pront candon recas.	It must be a pain needing to have all these ingredients to hand.
23466	reconnosc	recognise	reconnoscr	r	PRS	3SG	-ø	Le reconnosc ou sy fraðr sey tan demastr?	Does he know his brother is so judgemental?
22937	reconnoy	recognise.pst	reconnoscr	r	PST	3SG	~y	La reconnoy y segr luy collindant.	She recognised the man next to her.
8852	redugr	quell-inf	redugr	r	INF		-r	Alcun hom sceu y scompigl redugr ny vesteul.	Nobody managed to calm the chaos in the foyer.
19236	renent	make-p.prs	rendr	r	PRS.PTCP		~ent	Gevou bro, tu's l'oc duel renent un pog arrhenosarc.	Heads up dude, you're making this duel a bit homoerotic.
12586	rent	make-p.pst	rendr	r	PST.PTCP		~t	L'ec aldr aun ja un tarç dagr me rent.	With these parents I've been neither fish nor fowl.
20431	rent	make-p.pst	rendr	r	PST.PTCP		~t	Con ðigl eu nos y dou port rent frasterrem.	We've reinforced both doors with planks.
24594	resoluð	resolve-p.pst	resouvr	r	PST.PTCP		~luð	Le'r resoluð a casc senglottaç ignorar.	He was bent on ignoring any criticism.
12785	reuvr	go.home-inf	reuvr	r	INF		-r	Jo kigla reuvr a mell'orin pre oc annað.	I hadn't been back home until this year.
30107	reuvr	flip-inf	reuvr	r	INF		-r	La peðeu a sabler reuvr dy scitaçon.	She asked to resit the exam.
28036	reu	flip	reuvr	r	PRS	1SG	~	Jo reu sabler a tug te scouðir	I'd turn back time because I long to save you
24208	reuloy	come.back-pst	reuvr	r	PST	?	~loy	Y haprman libau sy bier e reuloy a racont fair.	The grocer quaffed his lager and kept talking.
31653	reuloirn	return-pst.3p	reuvr	r	PST	3PL	~loirn	Vossy morrig reuloirn ant un licol de paudriç.	Your aunts came back with a brace of partridge.
16734	reuluð	come.back-p.pst	reuvr	r	PST.PTCP		~luð	Y maðr improbau sell'heir posc l'oç fo reuluð.	The mother scolded her son when he got back.
7510	reuvað	return-sbj.2p	reuvr	r	SBJV	2PL	-að	Reuvað entarn neðan vos caurreð tout mephit!	Come back inside so you don't all catch a chill!
12863	scandr	go.up-inf	scandr	r	INF		-r	Cant scandr jo care garaf idone.	As I climbed I looked for convenient handholds.
7025	scanoirn	climb-pst.3p	scandr	r	PST	3PL	~oirn	Yeðrot zajadau scanoirn y mur ne bric.	Variegated ivy grew up the brick walls.
23577	scaur	write-inf	scaur	r	INF		-r	L'oç segr es dignt tojorn le vil scaur ag mur ne Pompeï.	That guy's always saying he'll make a name for himself.
14986	scaunt	write-p.prs	scaur	r	PRS.PTCP		-nt	Ag port penoy sign scaunt 'Abseïr Jug'.	The sign on the door read 'Keep Out'.
24767	scavau	write-pst	scaur	r	PST	1SG	~vau	Jo scavau un grinment flasq dy melodram.	I wrote an unenthusiastic review of the show.
8852	sceu	be.able.pst	sceir	r	PST	?	~u	Alcun hom sceu y scompigl redugr ny vesteul.	Nobody managed to calm the chaos in the foyer.
17811	scos	hide.p.pst	scondr	r	PST.PTCP		~s	Scey un spaiðoir scos ne sy tablaur.	Her desk has a secret drawer.
26308	scos	hide.p.pst	scondr	r	PST.PTCP		~s	Nos ayau l'indagour scos ne sell'azig.	We'd hidden the tracker in his shoe.
24670	seponent	ignore-p.prs	sepondr	r	PRS.PTCP		~ent	Jo parmanoy a hoissar, y glouç seponent.	I kept playing, ignoring the giggles.
16238	smargr	emerge-inf	smargr	r	INF		-r	E fin a tu aus doç tu dorme sou lumner, neðan Bon Jesu volois smargr des vogt dy foscur e lor raug te cavir por ty maðr noc aïðar con sy maðr	And until you were twelve you'd sleep in the light, so that Jesus wouldn't come out from the pitch dark and then get angry with you for not helping your mum with her mum
25784	smars	arise.p.pst	smargr	r	PST.PTCP		~s	Smars sta un cont mesaventoresq e stendiscent.	What emerged was an overlong, farcical tale.
18283	soccoðoy	shake-pst	soccoðr	r	PST	1SG	-oy	Jo soccoðoy y furtiviscour par y frigsment.	I lost my tail in the commotion.
20979	soccos	shake.p.pst	soccoðr	r	PST.PTCP		~s	Nos eum enfugr pront la nos fom soccos destr.	We had to run as soon as we were rumbled.
13321	souprene	surprise-ipf	souprendr	r	IPFV	?	~e	Fort alcot le quotta y jacquot me souprene.	I was surprised how well the tux suited him.
18751	souvr	let.go-inf	souvr	r	INF		-r	Le dis "Yela!" pre bouð souvr.	He said "Bye!" then hung up.
19385	souvr	let.go-inf	souvr	r	INF		-r	Jo sceu y moment veir de ty plouç souvr.	I caught the moment you dropped the act.
31441	souðure	smouder-ipf	souðurr	r	IPFV	?	-e	Nos erau astr mirant cant y banfoy souðure.	We stargazed as the campfire smouldered.
15669	surcair	end.up-inf	surcair	r	INF		-r	Ðe la macquaurn vars surcair un tarç dagr.	They raised her to be neither fish nor fowl.
32577	surcayen	turn.out-ipf-3p	surcair	r	IPFV	3PL	~yen	Toð y hayennaç sien cas histoir surcayen laðr.	Doing all her history homework was a slog.
20395	surcous	end.up-imp.sbj	surcair	r	IPFV.SBJV	3SG	~ous	Jo luy dau un cromn neðan le surcous ne fousc arð.	I gave him some cash so he wouldn't be flat broke.
6876	surcas	end.up.pst	surcair	r	PST	?	~s	L'oc delt trey mil annað eld surcas enombr a issent de vatr.	“This three-thousand-year-old tablet turned out to be a list of values of sine.”
15962	targoim	clean-pst-1p	targr	r	PST	1PL	-oim	Nos targoim y fenestr de joivr ne spaiðant.	We scraped frost off the window.
18266	tein	number-3p	teir	r	PRS	3PL	-n	Y sanat all'egrtumnoir tein for dou.	There's only two doctors at the clinic.
11020	vencr	win-inf	vencr	r	INF		-r	Broucabr a bas es vencr ne vellisquant.	Winning by using a rules exploit is less fun.
28481	vencr	win-inf	vencr	r	INF		-r	Tu atten cal compleis a vencr ny valcq sevent?	Which player do you think will win the next set?
22988	vencoy	win-pst	vencr	r	PST	?	-oy	Candon y nuverrem es ig Istr Boral vencoy ny torne a lançbal?	When did Borland last win the lineball tournament?
24118	vencuð	defeat-p.pst	vencr	r	PST.PTCP		-uð	Jamay so jo tal vencuð a pengovin.	I've never lost like that at pinochle.
21513	yembr	get-inf	yembr	r	INF		-r	Jo ney a l'oc run final yembr ny scarrad yarcer.	I can't get the last letter in this crossword.
21634	yembr	arrive-inf	yembr	r	INF		-r	Nos eyau monnocquar tras seg acr por ac yembr.	We had to trudge through six fields to get here.
17603	yemois	arrive-sbj.ipf	yembr	r	IPFV.SBJV	?	~ois	Y jonglour fey l'oç bal yemois reunt.	The magician made the ball reappear.
29307	ðurr	burn-inf	ðurr	r	INF		-r	Catr çondr sur sy boucr dreçn "ðurr".	Four charms on his bracelet spelt "burn".
24887	ðureu	burn-pst	ðurr	r	PST	1SG	-eu	Con un stig de remors jo ðureu y pistol.	With a pang of regret I burned the letter.
